SET FOREIGN_KEY_CHECKS=0;
SET SQL_MODE = "NO_AUTO_VALUE_ON_ZERO";
START TRANSACTION;
SET time_zone = "+02:00";

--
-- Database: `concerts`
--

DROP TABLE IF EXISTS `bookings`;
DROP TABLE IF EXISTS `concerts`;
DROP TABLE IF EXISTS `locations`;
DROP TABLE IF EXISTS `location_seats`;
DROP TABLE IF EXISTS `location_seat_rows`;
DROP TABLE IF EXISTS `migrations`;
DROP TABLE IF EXISTS `reservations`;
DROP TABLE IF EXISTS `shows`;
DROP TABLE IF EXISTS `tickets`;

-- --------------------------------------------------------

--
-- Table structure for table `bookings`
--

CREATE TABLE `bookings` (
  `id` bigint UNSIGNED NOT NULL,
  `name` varchar(100) COLLATE utf8mb4_unicode_ci NOT NULL,
  `address` varchar(100) COLLATE utf8mb4_unicode_ci NOT NULL,
  `city` varchar(100) COLLATE utf8mb4_unicode_ci NOT NULL,
  `zip` varchar(10) COLLATE utf8mb4_unicode_ci NOT NULL,
  `country` varchar(100) COLLATE utf8mb4_unicode_ci NOT NULL,
  `created_at` timestamp NOT NULL DEFAULT CURRENT_TIMESTAMP
) ENGINE=InnoDB DEFAULT CHARSET=utf8mb4 COLLATE=utf8mb4_unicode_ci;

--
-- Dumping data for table `bookings`
--

INSERT INTO `bookings` (`id`, `name`, `address`, `city`, `zip`, `country`, `created_at`) VALUES
(1, 'Daniel Maierhofer', 'Astrid-Angerer-Weg 2c', 'Groß-Siegharts', '1070', 'Austria', '2021-08-09 13:41:25'),
(2, 'Ralph Sattler', 'Julian-Brunner-Gasse 55b', 'Korneuburg', '7000', 'Austria', '2021-06-27 18:03:26'),
(3, 'Mona Steinbauer', 'Schlagerstraße 369', 'Graz', '9170', 'Austria', '2021-01-06 09:09:00'),
(4, 'Ardith Schowalter', '6618 McLaughlin Ports', 'Kertzmannburgh', '63685', 'Oman', '2021-01-07 00:35:21'),
(5, 'Katheryn Funk', '8703 Ryleigh Prairie', 'North Reagan', '72830', 'Monaco', '2021-06-12 00:44:39'),
(6, 'Nina Führer', 'Steinbergergasse 55', 'Langenlois', '2700', 'Austria', '2021-05-21 03:29:06'),
(7, 'Kilian Nikolic', 'Martinring 9c', 'Haag', '8200', 'Austria', '2021-09-11 00:57:25'),
(8, 'Valentin Hartl', 'Joseph-Gangl-Gasse 707', 'Althofen', '1230', 'Austria', '2021-06-28 02:16:09'),
(9, 'Christian Baumgartner', 'Rathring 52', 'Seekirchen am Wallersee', '8605', 'Austria', '2021-04-20 03:58:15'),
(10, 'Raphael Fasching', 'Gratzerstraße 9a', 'Trofaiach', '4780', 'Austria', '2021-04-28 13:53:47'),
(11, 'Ona Bayer', '81535 Berta Mills', 'Theresachester', '22352', 'Qatar', '2021-03-11 04:00:13'),
(12, 'Lorenz Schuller', 'Hämmerleweg 10a', 'Altheim', '4950', 'Austria', '2021-03-10 22:42:06'),
(13, 'Diana Rodriguez', '851 Corkery Ports', 'Port Kareemmouth', '93576', 'Senegal', '2021-05-13 00:51:55'),
(14, 'Selina Barth', 'Spitzerweg 917', 'Maissau', '2020', 'Austria', '2021-03-17 22:22:43'),
(15, 'Hannes Eder', 'Elisabeth-Steininger-Gasse 3b', 'Bleiburg', '6060', 'Austria', '2021-01-25 11:13:41'),
(16, 'Klaus Hofbauer', 'Hirschgasse 585', 'Pressbaum', '9500', 'Austria', '2021-06-10 07:09:13'),
(17, 'Renee Prosacco', '76988 Melisa Skyway', 'West Waltonside', '92921', 'Saint Lucia', '2021-07-22 17:53:21'),
(18, 'Kole Gottlieb', '5558 Boyer Field Suite 793', 'New Hassie', '23852', 'Ethiopia', '2021-01-28 05:42:21'),
(19, 'Andreas Werner', 'Sandra-Strasser-Weg 305', 'Friedberg', '4540', 'Austria', '2021-05-23 05:54:43'),
(20, 'Jayce Hill', '207 Tyra Points', 'Torpmouth', '31306', 'Andorra', '2021-08-29 03:00:10'),
(21, 'René Achleitner', 'Manuela-Ofner-Gasse 70b', 'Eggenburg', '2490', 'Austria', '2021-07-04 20:47:12'),
(22, 'Cordie Kreiger', '17220 Mellie Streets Apt. 679', 'East Leanna', '42839', 'Venezuela', '2021-03-21 16:33:18'),
(23, 'Valerie Forstner', 'Plattnerstraße 7', 'Hermagor-Pressegger See', '2301', 'Austria', '2021-07-15 13:38:05'),
(24, 'Marlene Binder', 'Lacknergasse 7a', 'Weiz', '9360', 'Austria', '2021-06-23 19:54:09'),
(25, 'Christoph Schlager', 'Theresa-Bock-Platz 0c', 'Kufstein', '7350', 'Austria', '2021-08-06 02:32:57'),
(26, 'Alexandra Eichinger', 'Steinergasse 1', 'Hainburg an der Donau', '2000', 'Austria', '2021-05-22 07:44:22'),
(27, 'Sonja Schöpf', 'Valentin-Wallner-Weg 81a', 'Hardegg', '8530', 'Austria', '2021-08-30 02:50:20'),
(28, 'Marco Rieser', 'Lehnergasse 4', 'St. Pölten', '8832', 'Austria', '2021-02-22 22:23:05'),
(29, 'Elisa Haas', 'Samuel-Wolf-Ring 543', 'Kindberg', '8570', 'Austria', '2021-01-28 09:14:54'),
(30, 'Robert Walch', 'Leon-Barth-Platz 20b', 'Amstetten', '3550', 'Austria', '2021-06-08 15:08:10'),
(31, 'Emilia Moosbrugger', 'Koglergasse 5', 'Groß Gerungs', '4780', 'Austria', '2021-08-22 11:41:04'),
(32, 'Dominik Hauser', 'Astrid-Barth-Weg 9', 'Fürstenfeld', '6300', 'Austria', '2021-08-13 23:37:47'),
(33, 'Lindsay Mueller', '696 Dereck Flat Suite 255', 'Lehnerhaven', '28284', 'Cambodia', '2021-03-14 19:56:25'),
(34, 'Pia Arnold', 'Sophie-Hinteregger-Gasse 8', 'Pinkafeld', '6845', 'Austria', '2021-07-15 18:19:39'),
(35, 'Margret Schmidt', '4787 Jefferey Estate Apt. 833', 'New Sonny', '36162', 'Montserrat', '2021-05-31 13:30:43'),
(36, 'Antonio Grady', '19966 Zechariah Forest', 'New Robb', '46734', 'Peru', '2021-02-26 19:06:54'),
(37, 'Francesca Abbott', '583 Klocko Trail Apt. 746', 'Kiaraview', '25145', 'Canada', '2021-08-12 10:17:25'),
(38, 'Emily Kovacs', 'Moosbruggerplatz 1', 'Rust', '3712', 'Austria', '2021-09-02 04:28:51'),
(39, 'Arjun Green', '474 O\'Keefe Mountain', 'New Bridgetbury', '72229', 'Montserrat', '2021-08-15 16:18:33'),
(40, 'Iris Pollak', 'Simonplatz 5', 'Salzburg', '8230', 'Austria', '2021-05-16 18:44:10'),
(41, 'Peter Zechner', 'Buchbergergasse 869', 'Rust', '9853', 'Austria', '2021-03-11 05:54:29'),
(42, 'Leonie Handl', 'Pinterstraße 6', 'Bad Aussee', '2340', 'Austria', '2021-06-23 19:35:22'),
(43, 'Damon Nicolas', '12625 O\'Keefe Port', 'Lake Amandafort', '66128', 'Bahamas', '2021-01-01 23:29:37'),
(44, 'Simon Auinger', 'Schusterplatz 84', 'Feldkirchen in Kärnten', '9545', 'Austria', '2021-03-08 01:38:54'),
(45, 'Erik Geiger', 'Rauchplatz 3', 'Hainfeld', '8724', 'Austria', '2021-07-08 16:52:27'),
(46, 'Roman Köberl', 'Patricia-Gassner-Straße 93', 'Dornbirn', '3741', 'Austria', '2021-04-07 14:49:28'),
(47, 'Michelle Simon', 'Kovacsstraße 5', 'Kufstein', '5202', 'Austria', '2021-04-11 23:43:21'),
(48, 'Ella Resch', 'Eva-Maria-Hochreiter-Straße 16a', 'Geras', '2083', 'Austria', '2021-03-06 04:33:46'),
(49, 'Silvia Walter', 'Jungwirthweg 4', 'Waidhofen an der Ybbs', '2225', 'Austria', '2021-07-06 01:35:26'),
(50, 'Elias Fritsch', 'Scholzgasse 2a', 'Korneuburg', '5280', 'Austria', '2021-08-16 03:50:04'),
(51, 'Eva-Maria Vogl', 'Hauergasse 6', 'Gänserndorf', '1010', 'Austria', '2021-01-25 13:45:36'),
(52, 'Vanessa Seebacher', 'Gerald-Konrad-Gasse 84c', 'Geras', '8480', 'Austria', '2021-04-10 09:15:35'),
(53, 'René Holzmann', 'Noah-Seidl-Platz 55b', 'Rottenmann', '9360', 'Austria', '2021-09-07 16:57:11'),
(54, 'Eva-Maria Hackl', 'Schneebergerweg 7', 'Gänserndorf', '3040', 'Austria', '2021-02-02 22:14:28'),
(55, 'Steve Yundt', '55661 Hagenes Island Suite 519', 'Okunevaborough', '49896', 'Botswana', '2021-07-09 20:14:41'),
(56, 'Anjali Wolf', '81258 Mona Terrace Suite 545', 'East Hugh', '32564', 'Bolivia', '2021-09-13 10:11:41'),
(57, 'Chiara Pfleger', 'Vincent-Schneeberger-Ring 4a', 'Hermagor-Pressegger See', '1200', 'Austria', '2021-07-19 15:30:28'),
(58, 'Nicole Gritsch', 'Hartlweg 26a', 'Knittelfeld', '9500', 'Austria', '2021-08-11 12:30:14'),
(59, 'Maximilian Renner', 'Schlagerplatz 270', 'Bärnbach', '8480', 'Austria', '2021-07-12 23:07:07'),
(60, 'Aurelie Wilkinson', '254 Bins Ranch Apt. 469', 'Darbyville', '62062', 'Dominican Republic', '2021-02-16 11:24:17');

-- --------------------------------------------------------

--
-- Table structure for table `concerts`
--

CREATE TABLE `concerts` (
  `id` bigint UNSIGNED NOT NULL,
  `artist` varchar(50) COLLATE utf8mb4_unicode_ci NOT NULL,
  `location_id` bigint UNSIGNED NOT NULL
) ENGINE=InnoDB DEFAULT CHARSET=utf8mb4 COLLATE=utf8mb4_unicode_ci;

--
-- Dumping data for table `concerts`
--

INSERT INTO `concerts` (`id`, `artist`, `location_id`) VALUES
(1, 'Opus', 1),
(2, 'Bilderbuch', 3),
(3, 'Wanda', 2),
(4, 'Christina Stürmer', 3);

-- --------------------------------------------------------

--
-- Table structure for table `locations`
--

CREATE TABLE `locations` (
  `id` bigint UNSIGNED NOT NULL,
  `name` varchar(50) COLLATE utf8mb4_unicode_ci NOT NULL
) ENGINE=InnoDB DEFAULT CHARSET=utf8mb4 COLLATE=utf8mb4_unicode_ci;

--
-- Dumping data for table `locations`
--

INSERT INTO `locations` (`id`, `name`) VALUES
(1, 'Oper Graz'),
(2, 'Freilufthalle B'),
(3, 'Das Orpheum');

-- --------------------------------------------------------

--
-- Table structure for table `location_seats`
--

CREATE TABLE `location_seats` (
  `id` bigint UNSIGNED NOT NULL,
  `location_seat_row_id` bigint UNSIGNED NOT NULL,
  `number` mediumint UNSIGNED NOT NULL,
  `reservation_id` bigint UNSIGNED DEFAULT NULL,
  `ticket_id` bigint UNSIGNED DEFAULT NULL
) ENGINE=InnoDB DEFAULT CHARSET=utf8mb4 COLLATE=utf8mb4_unicode_ci;

--
-- Dumping data for table `location_seats`
--

INSERT INTO `location_seats` (`id`, `location_seat_row_id`, `number`, `reservation_id`, `ticket_id`) VALUES
(1, 1, 1, NULL, NULL),
(2, 1, 2, NULL, NULL),
(3, 1, 3, NULL, NULL),
(4, 1, 4, NULL, NULL),
(5, 1, 5, NULL, NULL),
(6, 1, 6, NULL, NULL),
(7, 1, 7, NULL, NULL),
(8, 1, 8, NULL, NULL),
(9, 1, 9, NULL, NULL),
(10, 1, 10, NULL, NULL),
(11, 1, 11, NULL, NULL),
(12, 1, 12, NULL, NULL),
(13, 1, 13, NULL, NULL),
(14, 1, 14, NULL, NULL),
(15, 1, 15, NULL, NULL),
(16, 1, 16, NULL, NULL),
(17, 1, 17, NULL, NULL),
(18, 1, 18, NULL, NULL),
(19, 1, 19, NULL, NULL),
(20, 1, 20, NULL, NULL),
(21, 1, 21, NULL, NULL),
(22, 1, 22, NULL, NULL),
(23, 1, 23, NULL, NULL),
(24, 1, 24, NULL, NULL),
(25, 1, 25, NULL, NULL),
(26, 1, 26, NULL, NULL),
(27, 1, 27, NULL, NULL),
(28, 1, 28, NULL, NULL),
(29, 1, 29, NULL, NULL),
(30, 1, 30, NULL, NULL),
(31, 1, 31, NULL, NULL),
(32, 1, 32, NULL, NULL),
(33, 1, 33, NULL, NULL),
(34, 1, 34, NULL, NULL),
(35, 1, 35, NULL, NULL),
(36, 1, 36, NULL, NULL),
(37, 1, 37, NULL, NULL),
(38, 1, 38, NULL, NULL),
(39, 1, 39, NULL, NULL),
(40, 1, 40, NULL, NULL),
(41, 2, 1, NULL, NULL),
(42, 2, 2, NULL, NULL),
(43, 2, 3, NULL, NULL),
(44, 2, 4, NULL, NULL),
(45, 2, 5, NULL, NULL),
(46, 2, 6, NULL, NULL),
(47, 2, 7, NULL, NULL),
(48, 2, 8, NULL, NULL),
(49, 2, 9, NULL, NULL),
(50, 2, 10, NULL, NULL),
(51, 2, 11, NULL, NULL),
(52, 2, 12, NULL, NULL),
(53, 2, 13, NULL, NULL),
(54, 2, 14, NULL, NULL),
(55, 2, 15, NULL, NULL),
(56, 2, 16, NULL, NULL),
(57, 2, 17, NULL, NULL),
(58, 2, 18, NULL, NULL),
(59, 2, 19, NULL, NULL),
(60, 2, 20, NULL, NULL),
(61, 2, 21, NULL, NULL),
(62, 2, 22, NULL, NULL),
(63, 2, 23, NULL, NULL),
(64, 2, 24, NULL, NULL),
(65, 2, 25, NULL, NULL),
(66, 2, 26, NULL, NULL),
(67, 2, 27, NULL, NULL),
(68, 2, 28, NULL, NULL),
(69, 2, 29, NULL, NULL),
(70, 2, 30, NULL, NULL),
(71, 2, 31, NULL, NULL),
(72, 2, 32, NULL, NULL),
(73, 2, 33, NULL, 169),
(74, 2, 34, NULL, 170),
(75, 2, 35, NULL, 171),
(76, 2, 36, NULL, 172),
(77, 2, 37, NULL, 173),
(78, 2, 38, NULL, 174),
(79, 2, 39, NULL, 175),
(80, 3, 1, NULL, NULL),
(81, 3, 2, NULL, NULL),
(82, 3, 3, NULL, NULL),
(83, 3, 4, NULL, NULL),
(84, 3, 5, NULL, NULL),
(85, 3, 6, NULL, NULL),
(86, 3, 7, NULL, NULL),
(87, 3, 8, NULL, NULL),
(88, 3, 9, NULL, NULL),
(89, 3, 10, NULL, NULL),
(90, 3, 11, NULL, NULL),
(91, 3, 12, NULL, NULL),
(92, 3, 13, NULL, NULL),
(93, 3, 14, NULL, NULL),
(94, 3, 15, NULL, NULL),
(95, 3, 16, NULL, NULL),
(96, 3, 17, NULL, NULL),
(97, 3, 18, NULL, NULL),
(98, 3, 19, NULL, NULL),
(99, 3, 20, NULL, NULL),
(100, 3, 21, NULL, NULL),
(101, 3, 22, NULL, NULL),
(102, 3, 23, NULL, NULL),
(103, 3, 24, NULL, NULL),
(104, 3, 25, NULL, NULL),
(105, 3, 26, NULL, NULL),
(106, 3, 27, NULL, NULL),
(107, 3, 28, NULL, NULL),
(108, 3, 29, NULL, NULL),
(109, 3, 30, NULL, NULL),
(110, 3, 31, NULL, NULL),
(111, 3, 32, NULL, NULL),
(112, 3, 33, NULL, NULL),
(113, 3, 34, NULL, NULL),
(114, 3, 35, NULL, NULL),
(115, 3, 36, NULL, NULL),
(116, 3, 37, NULL, NULL),
(117, 3, 38, NULL, NULL),
(118, 3, 39, NULL, NULL),
(119, 3, 40, NULL, NULL),
(120, 4, 1, NULL, NULL),
(121, 4, 2, NULL, 230),
(122, 4, 3, NULL, 231),
(123, 4, 4, NULL, 232),
(124, 4, 5, NULL, 233),
(125, 4, 6, NULL, 234),
(126, 4, 7, NULL, NULL),
(127, 4, 8, NULL, NULL),
(128, 4, 9, NULL, NULL),
(129, 4, 10, NULL, NULL),
(130, 4, 11, NULL, NULL),
(131, 4, 12, NULL, NULL),
(132, 4, 13, NULL, NULL),
(133, 4, 14, NULL, NULL),
(134, 4, 15, NULL, NULL),
(135, 4, 16, NULL, NULL),
(136, 4, 17, NULL, NULL),
(137, 4, 18, NULL, NULL),
(138, 4, 19, NULL, NULL),
(139, 4, 20, NULL, NULL),
(140, 4, 21, NULL, NULL),
(141, 4, 22, NULL, NULL),
(142, 4, 23, NULL, NULL),
(143, 4, 24, NULL, NULL),
(144, 4, 25, NULL, NULL),
(145, 4, 26, NULL, NULL),
(146, 4, 27, NULL, NULL),
(147, 4, 28, NULL, NULL),
(148, 4, 29, NULL, NULL),
(149, 4, 30, NULL, NULL),
(150, 4, 31, NULL, NULL),
(151, 4, 32, NULL, NULL),
(152, 4, 33, NULL, NULL),
(153, 4, 34, NULL, NULL),
(154, 4, 35, NULL, NULL),
(155, 4, 36, NULL, NULL),
(156, 4, 37, NULL, NULL),
(157, 4, 38, NULL, NULL),
(158, 4, 39, NULL, NULL),
(159, 5, 1, NULL, NULL),
(160, 5, 2, NULL, NULL),
(161, 5, 3, NULL, NULL),
(162, 5, 4, NULL, NULL),
(163, 5, 5, NULL, NULL),
(164, 5, 6, NULL, NULL),
(165, 5, 7, NULL, NULL),
(166, 5, 8, NULL, NULL),
(167, 5, 9, NULL, NULL),
(168, 5, 10, NULL, NULL),
(169, 5, 11, NULL, NULL),
(170, 5, 12, NULL, NULL),
(171, 5, 13, NULL, NULL),
(172, 5, 14, NULL, NULL),
(173, 5, 15, NULL, NULL),
(174, 5, 16, NULL, NULL),
(175, 5, 17, NULL, NULL),
(176, 5, 18, NULL, NULL),
(177, 5, 19, NULL, NULL),
(178, 5, 20, NULL, NULL),
(179, 5, 21, NULL, NULL),
(180, 5, 22, NULL, NULL),
(181, 5, 23, NULL, NULL),
(182, 5, 24, NULL, NULL),
(183, 5, 25, NULL, NULL),
(184, 5, 26, NULL, NULL),
(185, 5, 27, NULL, NULL),
(186, 5, 28, NULL, NULL),
(187, 5, 29, NULL, NULL),
(188, 5, 30, NULL, NULL),
(189, 5, 31, NULL, NULL),
(190, 5, 32, NULL, NULL),
(191, 5, 33, NULL, NULL),
(192, 5, 34, NULL, NULL),
(193, 5, 35, NULL, NULL),
(194, 5, 36, NULL, NULL),
(195, 5, 37, NULL, NULL),
(196, 5, 38, NULL, NULL),
(197, 5, 39, NULL, NULL),
(198, 5, 40, NULL, NULL),
(199, 6, 1, NULL, NULL),
(200, 6, 2, NULL, NULL),
(201, 6, 3, NULL, NULL),
(202, 6, 4, NULL, NULL),
(203, 6, 5, NULL, NULL),
(204, 6, 6, NULL, NULL),
(205, 6, 7, NULL, NULL),
(206, 6, 8, NULL, NULL),
(207, 6, 9, NULL, NULL),
(208, 6, 10, NULL, NULL),
(209, 6, 11, NULL, NULL),
(210, 6, 12, NULL, NULL),
(211, 6, 13, NULL, NULL),
(212, 6, 14, NULL, 245),
(213, 6, 15, NULL, 246),
(214, 6, 16, NULL, 247),
(215, 6, 17, NULL, 248),
(216, 6, 18, NULL, NULL),
(217, 6, 19, NULL, NULL),
(218, 6, 20, NULL, NULL),
(219, 6, 21, NULL, NULL),
(220, 6, 22, NULL, NULL),
(221, 6, 23, NULL, NULL),
(222, 6, 24, NULL, NULL),
(223, 6, 25, NULL, NULL),
(224, 6, 26, NULL, NULL),
(225, 6, 27, NULL, NULL),
(226, 6, 28, NULL, NULL),
(227, 6, 29, NULL, NULL),
(228, 6, 30, NULL, NULL),
(229, 6, 31, NULL, 164),
(230, 6, 32, NULL, 165),
(231, 6, 33, NULL, 166),
(232, 6, 34, NULL, 167),
(233, 6, 35, NULL, 168),
(234, 6, 36, NULL, NULL),
(235, 6, 37, NULL, NULL),
(236, 6, 38, NULL, NULL),
(237, 6, 39, NULL, NULL),
(238, 7, 1, NULL, NULL),
(239, 7, 2, NULL, NULL),
(240, 7, 3, NULL, NULL),
(241, 7, 4, NULL, NULL),
(242, 7, 5, NULL, NULL),
(243, 7, 6, NULL, NULL),
(244, 7, 7, NULL, NULL),
(245, 7, 8, NULL, NULL),
(246, 7, 9, NULL, NULL),
(247, 7, 10, NULL, NULL),
(248, 7, 11, NULL, NULL),
(249, 7, 12, NULL, NULL),
(250, 7, 13, NULL, NULL),
(251, 7, 14, NULL, NULL),
(252, 7, 15, NULL, NULL),
(253, 7, 16, NULL, NULL),
(254, 7, 17, NULL, NULL),
(255, 7, 18, NULL, NULL),
(256, 7, 19, NULL, NULL),
(257, 7, 20, NULL, NULL),
(258, 7, 21, NULL, NULL),
(259, 7, 22, NULL, NULL),
(260, 7, 23, NULL, NULL),
(261, 7, 24, NULL, NULL),
(262, 7, 25, NULL, NULL),
(263, 7, 26, NULL, NULL),
(264, 7, 27, NULL, NULL),
(265, 7, 28, NULL, NULL),
(266, 7, 29, NULL, 29),
(267, 7, 30, NULL, 30),
(268, 7, 31, NULL, 31),
(269, 7, 32, NULL, NULL),
(270, 7, 33, NULL, NULL),
(271, 7, 34, NULL, NULL),
(272, 7, 35, NULL, NULL),
(273, 7, 36, NULL, NULL),
(274, 7, 37, NULL, NULL),
(275, 7, 38, NULL, NULL),
(276, 7, 39, NULL, NULL),
(277, 7, 40, NULL, NULL),
(278, 8, 1, NULL, NULL),
(279, 8, 2, NULL, NULL),
(280, 8, 3, NULL, NULL),
(281, 8, 4, NULL, NULL),
(282, 8, 5, NULL, NULL),
(283, 8, 6, NULL, NULL),
(284, 8, 7, NULL, NULL),
(285, 8, 8, NULL, NULL),
(286, 8, 9, NULL, NULL),
(287, 8, 10, NULL, NULL),
(288, 8, 11, NULL, NULL),
(289, 8, 12, NULL, NULL),
(290, 8, 13, NULL, NULL),
(291, 8, 14, NULL, NULL),
(292, 8, 15, NULL, NULL),
(293, 8, 16, NULL, NULL),
(294, 8, 17, NULL, 270),
(295, 8, 18, NULL, 271),
(296, 8, 19, NULL, 272),
(297, 8, 20, NULL, NULL),
(298, 8, 21, NULL, NULL),
(299, 8, 22, NULL, NULL),
(300, 8, 23, NULL, NULL),
(301, 8, 24, NULL, NULL),
(302, 8, 25, NULL, NULL),
(303, 8, 26, NULL, NULL),
(304, 8, 27, NULL, NULL),
(305, 8, 28, NULL, NULL),
(306, 8, 29, NULL, NULL),
(307, 8, 30, NULL, NULL),
(308, 8, 31, NULL, NULL),
(309, 8, 32, NULL, NULL),
(310, 8, 33, NULL, NULL),
(311, 8, 34, NULL, NULL),
(312, 8, 35, NULL, NULL),
(313, 8, 36, NULL, NULL),
(314, 8, 37, NULL, NULL),
(315, 8, 38, NULL, NULL),
(316, 8, 39, NULL, NULL),
(317, 9, 1, NULL, NULL),
(318, 9, 2, NULL, NULL),
(319, 9, 3, NULL, NULL),
(320, 9, 4, NULL, NULL),
(321, 9, 5, NULL, NULL),
(322, 9, 6, NULL, NULL),
(323, 9, 7, NULL, 80),
(324, 9, 8, NULL, 81),
(325, 9, 9, NULL, 82),
(326, 9, 10, NULL, 83),
(327, 9, 11, NULL, 84),
(328, 9, 12, NULL, 85),
(329, 9, 13, NULL, 86),
(330, 9, 14, NULL, NULL),
(331, 9, 15, NULL, 273),
(332, 9, 16, NULL, 274),
(333, 9, 17, NULL, 275),
(334, 9, 18, NULL, 276),
(335, 9, 19, NULL, 277),
(336, 9, 20, NULL, 278),
(337, 9, 21, NULL, 279),
(338, 9, 22, NULL, NULL),
(339, 9, 23, NULL, NULL),
(340, 9, 24, NULL, NULL),
(341, 9, 25, NULL, NULL),
(342, 9, 26, NULL, NULL),
(343, 9, 27, NULL, NULL),
(344, 9, 28, NULL, NULL),
(345, 9, 29, NULL, NULL),
(346, 9, 30, NULL, NULL),
(347, 9, 31, NULL, NULL),
(348, 9, 32, NULL, NULL),
(349, 9, 33, NULL, NULL),
(350, 9, 34, NULL, NULL),
(351, 9, 35, NULL, NULL),
(352, 9, 36, NULL, NULL),
(353, 9, 37, NULL, NULL),
(354, 9, 38, NULL, NULL),
(355, 9, 39, NULL, NULL),
(356, 9, 40, NULL, NULL),
(357, 10, 1, NULL, NULL),
(358, 10, 2, NULL, NULL),
(359, 10, 3, NULL, NULL),
(360, 10, 4, NULL, NULL),
(361, 10, 5, NULL, NULL),
(362, 10, 6, NULL, 211),
(363, 10, 7, NULL, 212),
(364, 10, 8, NULL, 213),
(365, 10, 9, NULL, 214),
(366, 10, 10, NULL, 215),
(367, 10, 11, NULL, 216),
(368, 10, 12, NULL, 217),
(369, 10, 13, NULL, 218),
(370, 10, 14, NULL, NULL),
(371, 10, 15, NULL, NULL),
(372, 10, 16, NULL, NULL),
(373, 10, 17, NULL, NULL),
(374, 10, 18, NULL, NULL),
(375, 10, 19, NULL, NULL),
(376, 10, 20, NULL, NULL),
(377, 10, 21, NULL, 249),
(378, 10, 22, NULL, 250),
(379, 10, 23, NULL, 251),
(380, 10, 24, NULL, 252),
(381, 10, 25, NULL, 253),
(382, 10, 26, NULL, 254),
(383, 10, 27, NULL, 255),
(384, 10, 28, NULL, 256),
(385, 10, 29, NULL, NULL),
(386, 10, 30, NULL, NULL),
(387, 10, 31, NULL, NULL),
(388, 10, 32, NULL, NULL),
(389, 10, 33, NULL, NULL),
(390, 10, 34, NULL, NULL),
(391, 10, 35, NULL, NULL),
(392, 10, 36, NULL, NULL),
(393, 10, 37, NULL, NULL),
(394, 10, 38, NULL, NULL),
(395, 10, 39, NULL, NULL),
(396, 11, 1, NULL, NULL),
(397, 11, 2, NULL, NULL),
(398, 11, 3, NULL, NULL),
(399, 11, 4, NULL, NULL),
(400, 11, 5, NULL, NULL),
(401, 11, 6, NULL, NULL),
(402, 11, 7, NULL, NULL),
(403, 11, 8, NULL, NULL),
(404, 11, 9, NULL, NULL),
(405, 11, 10, NULL, NULL),
(406, 11, 11, NULL, NULL),
(407, 11, 12, NULL, NULL),
(408, 11, 13, NULL, NULL),
(409, 11, 14, NULL, NULL),
(410, 11, 15, NULL, NULL),
(411, 11, 16, NULL, NULL),
(412, 11, 17, NULL, NULL),
(413, 11, 18, NULL, NULL),
(414, 11, 19, NULL, NULL),
(415, 11, 20, NULL, NULL),
(416, 11, 21, NULL, NULL),
(417, 11, 22, NULL, NULL),
(418, 11, 23, NULL, NULL),
(419, 11, 24, NULL, NULL),
(420, 11, 25, NULL, NULL),
(421, 11, 26, NULL, NULL),
(422, 11, 27, NULL, NULL),
(423, 11, 28, NULL, NULL),
(424, 11, 29, NULL, NULL),
(425, 11, 30, NULL, NULL),
(426, 11, 31, NULL, NULL),
(427, 11, 32, NULL, NULL),
(428, 11, 33, NULL, NULL),
(429, 11, 34, NULL, NULL),
(430, 11, 35, NULL, NULL),
(431, 11, 36, NULL, NULL),
(432, 11, 37, NULL, NULL),
(433, 11, 38, NULL, NULL),
(434, 11, 39, NULL, NULL),
(435, 11, 40, NULL, NULL),
(436, 12, 1, NULL, NULL),
(437, 12, 2, NULL, NULL),
(438, 12, 3, NULL, NULL),
(439, 12, 4, NULL, NULL),
(440, 12, 5, NULL, NULL),
(441, 12, 6, NULL, NULL),
(442, 12, 7, NULL, NULL),
(443, 12, 8, NULL, NULL),
(444, 12, 9, NULL, NULL),
(445, 12, 10, NULL, NULL),
(446, 12, 11, NULL, NULL),
(447, 12, 12, NULL, NULL),
(448, 12, 13, NULL, NULL),
(449, 12, 14, NULL, NULL),
(450, 12, 15, NULL, NULL),
(451, 12, 16, NULL, NULL),
(452, 12, 17, NULL, NULL),
(453, 12, 18, NULL, NULL),
(454, 12, 19, NULL, NULL),
(455, 12, 20, NULL, NULL),
(456, 12, 21, NULL, NULL),
(457, 12, 22, NULL, NULL),
(458, 12, 23, NULL, NULL),
(459, 12, 24, NULL, NULL),
(460, 12, 25, NULL, NULL),
(461, 12, 26, NULL, NULL),
(462, 12, 27, NULL, NULL),
(463, 12, 28, NULL, NULL),
(464, 12, 29, NULL, NULL),
(465, 12, 30, NULL, NULL),
(466, 12, 31, NULL, NULL),
(467, 12, 32, NULL, NULL),
(468, 12, 33, NULL, NULL),
(469, 12, 34, NULL, NULL),
(470, 12, 35, NULL, NULL),
(471, 12, 36, NULL, NULL),
(472, 12, 37, NULL, NULL),
(473, 12, 38, NULL, NULL),
(474, 12, 39, NULL, NULL),
(475, 13, 1, NULL, NULL),
(476, 13, 2, NULL, NULL),
(477, 13, 3, NULL, NULL),
(478, 13, 4, NULL, NULL),
(479, 13, 5, NULL, NULL),
(480, 13, 6, NULL, NULL),
(481, 13, 7, NULL, NULL),
(482, 13, 8, NULL, NULL),
(483, 13, 9, NULL, NULL),
(484, 13, 10, NULL, NULL),
(485, 13, 11, NULL, NULL),
(486, 13, 12, NULL, NULL),
(487, 13, 13, NULL, NULL),
(488, 13, 14, NULL, NULL),
(489, 13, 15, NULL, NULL),
(490, 13, 16, NULL, 62),
(491, 13, 17, NULL, 63),
(492, 13, 18, NULL, 64),
(493, 13, 19, NULL, 65),
(494, 13, 20, NULL, 66),
(495, 13, 21, NULL, 67),
(496, 13, 22, NULL, 68),
(497, 13, 23, NULL, NULL),
(498, 13, 24, NULL, 261),
(499, 13, 25, NULL, 262),
(500, 13, 26, NULL, NULL),
(501, 13, 27, NULL, NULL),
(502, 13, 28, NULL, NULL),
(503, 13, 29, NULL, NULL),
(504, 13, 30, NULL, NULL),
(505, 13, 31, NULL, NULL),
(506, 13, 32, NULL, NULL),
(507, 13, 33, NULL, NULL),
(508, 13, 34, NULL, NULL),
(509, 13, 35, NULL, NULL),
(510, 13, 36, NULL, 39),
(511, 13, 37, NULL, 40),
(512, 13, 38, NULL, 41),
(513, 13, 39, NULL, 42),
(514, 13, 40, NULL, 43),
(515, 14, 1, NULL, NULL),
(516, 14, 2, NULL, 119),
(517, 14, 3, NULL, 120),
(518, 14, 4, NULL, 121),
(519, 14, 5, NULL, 122),
(520, 14, 6, NULL, 123),
(521, 14, 7, NULL, 124),
(522, 14, 8, NULL, 125),
(523, 14, 9, NULL, 126),
(524, 14, 10, NULL, NULL),
(525, 14, 11, NULL, NULL),
(526, 14, 12, NULL, NULL),
(527, 14, 13, NULL, NULL),
(528, 14, 14, NULL, NULL),
(529, 14, 15, NULL, NULL),
(530, 14, 16, NULL, NULL),
(531, 14, 17, NULL, NULL),
(532, 14, 18, NULL, NULL),
(533, 14, 19, NULL, NULL),
(534, 14, 20, NULL, NULL),
(535, 14, 21, NULL, NULL),
(536, 14, 22, NULL, NULL),
(537, 14, 23, NULL, NULL),
(538, 14, 24, NULL, NULL),
(539, 14, 25, NULL, NULL),
(540, 14, 26, NULL, NULL),
(541, 14, 27, NULL, NULL),
(542, 14, 28, NULL, NULL),
(543, 14, 29, NULL, NULL),
(544, 14, 30, NULL, NULL),
(545, 14, 31, NULL, NULL),
(546, 14, 32, NULL, 113),
(547, 14, 33, NULL, 114),
(548, 14, 34, NULL, 115),
(549, 14, 35, NULL, 116),
(550, 14, 36, NULL, 117),
(551, 14, 37, NULL, 118),
(552, 14, 38, NULL, NULL),
(553, 14, 39, NULL, NULL),
(554, 15, 1, NULL, NULL),
(555, 15, 2, NULL, NULL),
(556, 15, 3, NULL, NULL),
(557, 15, 4, NULL, NULL),
(558, 15, 5, NULL, NULL),
(559, 15, 6, NULL, NULL),
(560, 15, 7, NULL, NULL),
(561, 15, 8, NULL, NULL),
(562, 15, 9, NULL, NULL),
(563, 15, 10, NULL, NULL),
(564, 15, 11, NULL, NULL),
(565, 15, 12, NULL, NULL),
(566, 15, 13, NULL, NULL),
(567, 15, 14, NULL, NULL),
(568, 15, 15, NULL, NULL),
(569, 15, 16, NULL, NULL),
(570, 15, 17, NULL, NULL),
(571, 15, 18, NULL, NULL),
(572, 15, 19, NULL, NULL),
(573, 15, 20, NULL, NULL),
(574, 15, 21, NULL, NULL),
(575, 15, 22, NULL, NULL),
(576, 15, 23, NULL, NULL),
(577, 15, 24, NULL, NULL),
(578, 15, 25, NULL, NULL),
(579, 15, 26, NULL, NULL),
(580, 15, 27, NULL, NULL),
(581, 15, 28, NULL, NULL),
(582, 15, 29, NULL, NULL),
(583, 15, 30, NULL, NULL),
(584, 15, 31, NULL, NULL),
(585, 15, 32, NULL, NULL),
(586, 15, 33, NULL, NULL),
(587, 15, 34, NULL, NULL),
(588, 15, 35, NULL, NULL),
(589, 15, 36, NULL, NULL),
(590, 15, 37, NULL, 110),
(591, 15, 38, NULL, 111),
(592, 15, 39, NULL, 112),
(593, 15, 40, NULL, NULL),
(594, 16, 1, NULL, NULL),
(595, 16, 2, NULL, NULL),
(596, 16, 3, NULL, NULL),
(597, 16, 4, NULL, NULL),
(598, 16, 5, NULL, NULL),
(599, 16, 6, NULL, 219),
(600, 16, 7, NULL, 220),
(601, 16, 8, NULL, 221),
(602, 16, 9, NULL, 222),
(603, 16, 10, NULL, NULL),
(604, 16, 11, NULL, NULL),
(605, 16, 12, NULL, NULL),
(606, 16, 13, NULL, NULL),
(607, 16, 14, NULL, NULL),
(608, 16, 15, NULL, NULL),
(609, 16, 16, NULL, NULL),
(610, 16, 17, NULL, NULL),
(611, 16, 18, NULL, NULL),
(612, 16, 19, NULL, NULL),
(613, 16, 20, NULL, NULL),
(614, 16, 21, NULL, NULL),
(615, 16, 22, NULL, NULL),
(616, 16, 23, NULL, NULL),
(617, 16, 24, NULL, NULL),
(618, 16, 25, NULL, NULL),
(619, 16, 26, NULL, 26),
(620, 16, 27, NULL, 27),
(621, 16, 28, NULL, 28),
(622, 16, 29, NULL, NULL),
(623, 16, 30, NULL, NULL),
(624, 16, 31, NULL, NULL),
(625, 16, 32, NULL, NULL),
(626, 16, 33, NULL, NULL),
(627, 16, 34, NULL, NULL),
(628, 16, 35, NULL, NULL),
(629, 16, 36, NULL, NULL),
(630, 16, 37, NULL, NULL),
(631, 16, 38, NULL, NULL),
(632, 16, 39, NULL, NULL),
(633, 17, 1, NULL, NULL),
(634, 17, 2, NULL, NULL),
(635, 17, 3, NULL, NULL),
(636, 17, 4, NULL, NULL),
(637, 17, 5, NULL, NULL),
(638, 17, 6, NULL, NULL),
(639, 17, 7, NULL, NULL),
(640, 17, 8, NULL, NULL),
(641, 17, 9, NULL, NULL),
(642, 17, 10, NULL, NULL),
(643, 17, 11, NULL, NULL),
(644, 17, 12, NULL, NULL),
(645, 17, 13, NULL, NULL),
(646, 17, 14, NULL, NULL),
(647, 17, 15, NULL, NULL),
(648, 17, 16, NULL, NULL),
(649, 17, 17, NULL, NULL),
(650, 17, 18, NULL, NULL),
(651, 17, 19, NULL, NULL),
(652, 17, 20, NULL, NULL),
(653, 17, 21, NULL, NULL),
(654, 17, 22, NULL, NULL),
(655, 17, 23, NULL, NULL),
(656, 17, 24, NULL, NULL),
(657, 17, 25, NULL, NULL),
(658, 17, 26, NULL, NULL),
(659, 17, 27, NULL, NULL),
(660, 17, 28, NULL, 153),
(661, 17, 29, NULL, 154),
(662, 17, 30, NULL, 155),
(663, 17, 31, NULL, 156),
(664, 17, 32, NULL, 157),
(665, 17, 33, NULL, 158),
(666, 17, 34, NULL, 159),
(667, 17, 35, NULL, NULL),
(668, 17, 36, NULL, NULL),
(669, 17, 37, NULL, NULL),
(670, 17, 38, NULL, NULL),
(671, 17, 39, NULL, NULL),
(672, 17, 40, NULL, NULL),
(673, 18, 1, NULL, NULL),
(674, 18, 2, NULL, NULL),
(675, 18, 3, NULL, NULL),
(676, 18, 4, NULL, NULL),
(677, 18, 5, NULL, NULL),
(678, 18, 6, NULL, NULL),
(679, 18, 7, NULL, NULL),
(680, 18, 8, NULL, NULL),
(681, 18, 9, NULL, NULL),
(682, 18, 10, NULL, NULL),
(683, 18, 11, NULL, 12),
(684, 18, 12, NULL, 13),
(685, 18, 13, NULL, 14),
(686, 18, 14, NULL, 15),
(687, 18, 15, NULL, NULL),
(688, 18, 16, NULL, NULL),
(689, 18, 17, NULL, NULL),
(690, 18, 18, NULL, NULL),
(691, 18, 19, NULL, NULL),
(692, 18, 20, NULL, NULL),
(693, 18, 21, NULL, NULL),
(694, 18, 22, NULL, NULL),
(695, 18, 23, NULL, NULL),
(696, 18, 24, NULL, NULL),
(697, 18, 25, NULL, NULL),
(698, 18, 26, NULL, NULL),
(699, 18, 27, NULL, NULL),
(700, 18, 28, NULL, NULL),
(701, 18, 29, NULL, NULL),
(702, 18, 30, NULL, NULL),
(703, 18, 31, NULL, NULL),
(704, 18, 32, NULL, NULL),
(705, 18, 33, NULL, NULL),
(706, 18, 34, NULL, NULL),
(707, 18, 35, NULL, NULL),
(708, 18, 36, NULL, NULL),
(709, 18, 37, NULL, NULL),
(710, 18, 38, NULL, NULL),
(711, 18, 39, NULL, NULL),
(712, 19, 1, NULL, NULL),
(713, 19, 2, NULL, NULL),
(714, 19, 3, NULL, NULL),
(715, 19, 4, NULL, NULL),
(716, 19, 5, NULL, NULL),
(717, 19, 6, NULL, NULL),
(718, 19, 7, NULL, NULL),
(719, 19, 8, NULL, NULL),
(720, 19, 9, NULL, NULL),
(721, 19, 10, NULL, NULL),
(722, 19, 11, NULL, NULL),
(723, 19, 12, NULL, NULL),
(724, 19, 13, NULL, NULL),
(725, 19, 14, NULL, NULL),
(726, 19, 15, NULL, NULL),
(727, 19, 16, NULL, NULL),
(728, 19, 17, NULL, NULL),
(729, 19, 18, NULL, NULL),
(730, 19, 19, NULL, NULL),
(731, 19, 20, NULL, NULL),
(732, 19, 21, NULL, NULL),
(733, 19, 22, NULL, NULL),
(734, 19, 23, NULL, NULL),
(735, 19, 24, NULL, NULL),
(736, 19, 25, NULL, NULL),
(737, 19, 26, NULL, NULL),
(738, 19, 27, NULL, NULL),
(739, 19, 28, NULL, NULL),
(740, 19, 29, NULL, NULL),
(741, 19, 30, NULL, NULL),
(742, 19, 31, NULL, NULL),
(743, 19, 32, NULL, NULL),
(744, 19, 33, NULL, NULL),
(745, 19, 34, NULL, NULL),
(746, 19, 35, NULL, NULL),
(747, 20, 1, NULL, NULL),
(748, 20, 2, NULL, NULL),
(749, 20, 3, NULL, NULL),
(750, 20, 4, NULL, NULL),
(751, 20, 5, NULL, NULL),
(752, 20, 6, NULL, NULL),
(753, 20, 7, NULL, NULL),
(754, 20, 8, NULL, NULL),
(755, 20, 9, NULL, NULL),
(756, 20, 10, NULL, NULL),
(757, 20, 11, NULL, NULL),
(758, 20, 12, NULL, NULL),
(759, 20, 13, NULL, NULL),
(760, 20, 14, NULL, NULL),
(761, 20, 15, NULL, NULL),
(762, 20, 16, NULL, NULL),
(763, 20, 17, NULL, NULL),
(764, 20, 18, NULL, NULL),
(765, 20, 19, NULL, NULL),
(766, 20, 20, NULL, NULL),
(767, 20, 21, NULL, NULL),
(768, 20, 22, NULL, 191),
(769, 20, 23, NULL, 192),
(770, 20, 24, NULL, 193),
(771, 20, 25, NULL, 194),
(772, 20, 26, NULL, 195),
(773, 20, 27, NULL, 196),
(774, 20, 28, NULL, 197),
(775, 20, 29, NULL, 198),
(776, 20, 30, NULL, NULL),
(777, 21, 1, NULL, NULL),
(778, 21, 2, NULL, NULL),
(779, 21, 3, NULL, NULL),
(780, 21, 4, NULL, NULL),
(781, 21, 5, NULL, NULL),
(782, 21, 6, NULL, NULL),
(783, 21, 7, NULL, NULL),
(784, 21, 8, NULL, NULL),
(785, 21, 9, NULL, NULL),
(786, 21, 10, NULL, 269),
(787, 21, 11, NULL, 267),
(788, 21, 12, NULL, 268),
(789, 21, 13, NULL, NULL),
(790, 21, 14, NULL, NULL),
(791, 21, 15, NULL, NULL),
(792, 21, 16, NULL, NULL),
(793, 21, 17, NULL, NULL),
(794, 21, 18, NULL, NULL),
(795, 21, 19, NULL, NULL),
(796, 21, 20, NULL, NULL),
(797, 22, 1, NULL, NULL),
(798, 22, 2, NULL, NULL),
(799, 22, 3, NULL, NULL),
(800, 22, 4, NULL, NULL),
(801, 22, 5, NULL, 138),
(802, 22, 6, NULL, 139),
(803, 22, 7, NULL, 140),
(804, 22, 8, NULL, 141),
(805, 22, 9, NULL, 142),
(806, 22, 10, NULL, 143),
(807, 22, 11, NULL, NULL),
(808, 22, 12, NULL, NULL),
(809, 22, 13, NULL, NULL),
(810, 22, 14, NULL, NULL),
(811, 22, 15, NULL, NULL),
(812, 22, 16, NULL, NULL),
(813, 22, 17, NULL, NULL),
(814, 22, 18, NULL, NULL),
(815, 22, 19, NULL, NULL),
(816, 22, 20, NULL, NULL),
(817, 23, 1, NULL, NULL),
(818, 23, 2, NULL, NULL),
(819, 23, 3, NULL, NULL),
(820, 23, 4, NULL, NULL),
(821, 23, 5, NULL, NULL),
(822, 23, 6, NULL, NULL),
(823, 23, 7, NULL, NULL),
(824, 23, 8, NULL, NULL),
(825, 23, 9, NULL, NULL),
(826, 23, 10, NULL, NULL),
(827, 23, 11, NULL, NULL),
(828, 23, 12, NULL, NULL),
(829, 23, 13, NULL, NULL),
(830, 23, 14, NULL, 176),
(831, 23, 15, NULL, 177),
(832, 23, 16, NULL, 178),
(833, 23, 17, NULL, 179),
(834, 23, 18, NULL, 180),
(835, 23, 19, NULL, 181),
(836, 23, 20, NULL, 182),
(837, 24, 1, NULL, NULL),
(838, 24, 2, NULL, NULL),
(839, 24, 3, NULL, NULL),
(840, 24, 4, NULL, NULL),
(841, 24, 5, NULL, NULL),
(842, 24, 6, NULL, NULL),
(843, 24, 7, NULL, NULL),
(844, 24, 8, NULL, NULL),
(845, 24, 9, NULL, NULL),
(846, 24, 10, NULL, NULL),
(847, 24, 11, NULL, NULL),
(848, 24, 12, NULL, NULL),
(849, 24, 13, NULL, NULL),
(850, 24, 14, NULL, NULL),
(851, 24, 15, NULL, NULL),
(852, 24, 16, NULL, NULL),
(853, 24, 17, NULL, 51),
(854, 24, 18, NULL, 52),
(855, 24, 19, NULL, 53),
(856, 24, 20, NULL, 54),
(857, 25, 1, NULL, NULL),
(858, 25, 2, NULL, NULL),
(859, 25, 3, NULL, NULL),
(860, 25, 4, NULL, NULL),
(861, 25, 5, NULL, NULL),
(862, 25, 6, NULL, NULL),
(863, 25, 7, NULL, NULL),
(864, 25, 8, NULL, NULL),
(865, 25, 9, NULL, NULL),
(866, 25, 10, NULL, NULL),
(867, 25, 11, NULL, NULL),
(868, 25, 12, NULL, NULL),
(869, 25, 13, NULL, NULL),
(870, 25, 14, NULL, NULL),
(871, 25, 15, NULL, NULL),
(872, 25, 16, NULL, NULL),
(873, 25, 17, NULL, NULL),
(874, 25, 18, NULL, NULL),
(875, 25, 19, NULL, NULL),
(876, 25, 20, NULL, NULL),
(877, 26, 1, NULL, NULL),
(878, 26, 2, NULL, NULL),
(879, 26, 3, NULL, NULL),
(880, 26, 4, NULL, NULL),
(881, 26, 5, NULL, NULL),
(882, 26, 6, NULL, NULL),
(883, 26, 7, NULL, NULL),
(884, 26, 8, NULL, NULL),
(885, 26, 9, NULL, NULL),
(886, 26, 10, NULL, NULL),
(887, 26, 11, NULL, NULL),
(888, 26, 12, NULL, NULL),
(889, 26, 13, NULL, NULL),
(890, 26, 14, NULL, NULL),
(891, 26, 15, NULL, NULL),
(892, 26, 16, NULL, NULL),
(893, 26, 17, NULL, NULL),
(894, 26, 18, NULL, NULL),
(895, 26, 19, NULL, NULL),
(896, 26, 20, NULL, NULL),
(897, 27, 1, NULL, NULL),
(898, 27, 2, NULL, NULL),
(899, 27, 3, NULL, NULL),
(900, 27, 4, NULL, NULL),
(901, 27, 5, NULL, NULL),
(902, 27, 6, NULL, NULL),
(903, 27, 7, NULL, NULL),
(904, 27, 8, NULL, NULL),
(905, 27, 9, NULL, NULL),
(906, 27, 10, NULL, NULL),
(907, 27, 11, NULL, NULL),
(908, 27, 12, NULL, NULL),
(909, 27, 13, NULL, NULL),
(910, 27, 14, NULL, NULL),
(911, 27, 15, NULL, NULL),
(912, 27, 16, NULL, NULL),
(913, 27, 17, NULL, NULL),
(914, 27, 18, NULL, NULL),
(915, 27, 19, NULL, NULL),
(916, 27, 20, NULL, NULL),
(917, 28, 1, NULL, NULL),
(918, 28, 2, NULL, NULL),
(919, 28, 3, NULL, NULL),
(920, 28, 4, NULL, NULL),
(921, 28, 5, NULL, NULL),
(922, 28, 6, NULL, NULL),
(923, 28, 7, NULL, NULL),
(924, 28, 8, NULL, NULL),
(925, 28, 9, NULL, 19),
(926, 28, 10, NULL, 20),
(927, 28, 11, NULL, 21),
(928, 28, 12, NULL, 22),
(929, 28, 13, NULL, 23),
(930, 28, 14, NULL, 24),
(931, 28, 15, NULL, 25),
(932, 28, 16, NULL, NULL),
(933, 28, 17, NULL, NULL),
(934, 28, 18, NULL, NULL),
(935, 28, 19, NULL, NULL),
(936, 28, 20, NULL, NULL),
(937, 29, 1, NULL, NULL),
(938, 29, 2, NULL, NULL),
(939, 29, 3, NULL, NULL),
(940, 29, 4, NULL, NULL),
(941, 29, 5, NULL, NULL),
(942, 29, 6, NULL, NULL),
(943, 29, 7, NULL, NULL),
(944, 29, 8, NULL, 16),
(945, 29, 9, NULL, 17),
(946, 29, 10, NULL, 18),
(947, 29, 11, NULL, NULL),
(948, 29, 12, NULL, NULL),
(949, 29, 13, NULL, NULL),
(950, 29, 14, NULL, NULL),
(951, 29, 15, NULL, NULL),
(952, 29, 16, NULL, NULL),
(953, 29, 17, NULL, NULL),
(954, 29, 18, NULL, NULL),
(955, 29, 19, NULL, NULL),
(956, 29, 20, NULL, NULL),
(957, 30, 1, NULL, NULL),
(958, 30, 2, NULL, NULL),
(959, 30, 3, NULL, NULL),
(960, 30, 4, NULL, NULL),
(961, 30, 5, NULL, NULL),
(962, 30, 6, NULL, NULL),
(963, 30, 7, NULL, NULL),
(964, 30, 8, NULL, NULL),
(965, 30, 9, NULL, NULL),
(966, 30, 10, NULL, NULL),
(967, 30, 11, NULL, NULL),
(968, 30, 12, NULL, NULL),
(969, 30, 13, NULL, NULL),
(970, 30, 14, NULL, NULL),
(971, 30, 15, NULL, NULL),
(972, 30, 16, NULL, NULL),
(973, 30, 17, NULL, NULL),
(974, 31, 1, NULL, NULL),
(975, 31, 2, NULL, NULL),
(976, 31, 3, NULL, NULL),
(977, 31, 4, NULL, NULL),
(978, 31, 5, NULL, NULL),
(979, 31, 6, NULL, NULL),
(980, 31, 7, NULL, NULL),
(981, 31, 8, NULL, NULL),
(982, 31, 9, NULL, NULL),
(983, 31, 10, NULL, NULL),
(984, 31, 11, NULL, NULL),
(985, 31, 12, NULL, NULL),
(986, 31, 13, NULL, NULL),
(987, 31, 14, NULL, NULL),
(988, 31, 15, NULL, NULL),
(989, 31, 16, NULL, NULL),
(990, 31, 17, NULL, NULL),
(991, 32, 1, NULL, NULL),
(992, 32, 2, NULL, NULL),
(993, 32, 3, NULL, NULL),
(994, 32, 4, NULL, NULL),
(995, 32, 5, NULL, NULL),
(996, 32, 6, NULL, NULL),
(997, 32, 7, NULL, NULL),
(998, 32, 8, NULL, NULL),
(999, 32, 9, NULL, NULL),
(1000, 32, 10, NULL, NULL),
(1001, 32, 11, NULL, NULL),
(1002, 32, 12, NULL, NULL),
(1003, 32, 13, NULL, NULL),
(1004, 32, 14, NULL, NULL),
(1005, 32, 15, NULL, NULL),
(1006, 32, 16, NULL, NULL),
(1007, 32, 17, NULL, NULL),
(1008, 33, 1, NULL, NULL),
(1009, 33, 2, NULL, NULL),
(1010, 33, 3, NULL, NULL),
(1011, 33, 4, NULL, 58),
(1012, 33, 5, NULL, 59),
(1013, 33, 6, NULL, 60),
(1014, 33, 7, NULL, 61),
(1015, 33, 8, NULL, NULL),
(1016, 33, 9, NULL, 73),
(1017, 33, 10, NULL, 74),
(1018, 33, 11, NULL, 75),
(1019, 33, 12, NULL, 76),
(1020, 33, 13, NULL, 77),
(1021, 33, 14, NULL, 78),
(1022, 33, 15, NULL, 79),
(1023, 33, 16, NULL, NULL),
(1024, 33, 17, NULL, NULL),
(1025, 33, 18, NULL, NULL),
(1026, 33, 19, NULL, NULL),
(1027, 33, 20, NULL, NULL),
(1028, 34, 1, NULL, NULL),
(1029, 34, 2, NULL, NULL),
(1030, 34, 3, NULL, NULL),
(1031, 34, 4, NULL, NULL),
(1032, 34, 5, NULL, NULL),
(1033, 34, 6, NULL, NULL),
(1034, 34, 7, NULL, NULL),
(1035, 34, 8, NULL, NULL),
(1036, 34, 9, NULL, NULL),
(1037, 34, 10, NULL, NULL),
(1038, 34, 11, NULL, NULL),
(1039, 34, 12, NULL, 33),
(1040, 34, 13, NULL, 34),
(1041, 34, 14, NULL, 35),
(1042, 34, 15, NULL, 36),
(1043, 34, 16, NULL, 37),
(1044, 34, 17, NULL, 38),
(1045, 34, 18, NULL, NULL),
(1046, 34, 19, NULL, NULL),
(1047, 34, 20, NULL, NULL),
(1048, 35, 1, NULL, NULL),
(1049, 35, 2, NULL, NULL),
(1050, 35, 3, NULL, NULL),
(1051, 35, 4, NULL, NULL),
(1052, 35, 5, NULL, NULL),
(1053, 35, 6, NULL, NULL),
(1054, 35, 7, NULL, NULL),
(1055, 35, 8, NULL, NULL),
(1056, 35, 9, NULL, NULL),
(1057, 35, 10, NULL, NULL),
(1058, 35, 11, NULL, NULL),
(1059, 35, 12, NULL, NULL),
(1060, 35, 13, NULL, NULL),
(1061, 35, 14, NULL, NULL),
(1062, 35, 15, NULL, NULL),
(1063, 35, 16, NULL, NULL),
(1064, 35, 17, NULL, NULL),
(1065, 35, 18, NULL, NULL),
(1066, 35, 19, NULL, NULL),
(1067, 35, 20, NULL, NULL),
(1068, 36, 1, NULL, NULL),
(1069, 36, 2, NULL, NULL),
(1070, 36, 3, NULL, NULL),
(1071, 36, 4, NULL, NULL),
(1072, 36, 5, NULL, NULL),
(1073, 36, 6, NULL, 128),
(1074, 36, 7, NULL, 129),
(1075, 36, 8, NULL, NULL),
(1076, 36, 9, NULL, NULL),
(1077, 36, 10, NULL, NULL),
(1078, 36, 11, NULL, NULL),
(1079, 36, 12, NULL, NULL),
(1080, 36, 13, NULL, NULL),
(1081, 36, 14, NULL, NULL),
(1082, 36, 15, NULL, NULL),
(1083, 36, 16, NULL, NULL),
(1084, 36, 17, NULL, NULL),
(1085, 36, 18, NULL, NULL),
(1086, 36, 19, NULL, NULL),
(1087, 36, 20, NULL, NULL),
(1088, 37, 1, NULL, NULL),
(1089, 37, 2, NULL, NULL),
(1090, 37, 3, NULL, NULL),
(1091, 37, 4, NULL, 5),
(1092, 37, 5, NULL, 6),
(1093, 37, 6, NULL, 7),
(1094, 37, 7, NULL, 8),
(1095, 37, 8, NULL, 9),
(1096, 37, 9, NULL, 10),
(1097, 37, 10, NULL, 11),
(1098, 37, 11, NULL, 130),
(1099, 37, 12, NULL, 131),
(1100, 37, 13, NULL, NULL),
(1101, 37, 14, NULL, NULL),
(1102, 37, 15, NULL, NULL),
(1103, 37, 16, NULL, NULL),
(1104, 37, 17, NULL, NULL),
(1105, 37, 18, NULL, NULL),
(1106, 37, 19, NULL, NULL),
(1107, 37, 20, NULL, NULL),
(1108, 38, 1, NULL, NULL),
(1109, 38, 2, NULL, NULL),
(1110, 38, 3, NULL, NULL),
(1111, 38, 4, NULL, NULL),
(1112, 38, 5, NULL, 144),
(1113, 38, 6, NULL, 145),
(1114, 38, 7, NULL, 146),
(1115, 38, 8, NULL, 147),
(1116, 38, 9, NULL, 148),
(1117, 38, 10, NULL, 149),
(1118, 38, 11, NULL, 150),
(1119, 38, 12, NULL, 151),
(1120, 38, 13, NULL, NULL),
(1121, 38, 14, NULL, NULL),
(1122, 38, 15, NULL, NULL),
(1123, 38, 16, NULL, NULL),
(1124, 38, 17, NULL, NULL),
(1125, 38, 18, NULL, NULL),
(1126, 38, 19, NULL, NULL),
(1127, 38, 20, NULL, NULL),
(1128, 39, 1, NULL, NULL),
(1129, 39, 2, NULL, NULL),
(1130, 39, 3, NULL, NULL),
(1131, 39, 4, NULL, NULL),
(1132, 39, 5, NULL, NULL),
(1133, 39, 6, NULL, NULL),
(1134, 39, 7, NULL, NULL),
(1135, 39, 8, NULL, NULL),
(1136, 39, 9, NULL, NULL),
(1137, 39, 10, NULL, NULL),
(1138, 39, 11, NULL, NULL),
(1139, 39, 12, NULL, NULL),
(1140, 39, 13, NULL, NULL),
(1141, 39, 14, NULL, NULL),
(1142, 39, 15, NULL, NULL),
(1143, 39, 16, NULL, NULL),
(1144, 39, 17, NULL, NULL),
(1145, 39, 18, NULL, NULL),
(1146, 39, 19, NULL, NULL),
(1147, 39, 20, NULL, NULL),
(1148, 40, 1, NULL, NULL),
(1149, 40, 2, NULL, NULL),
(1150, 40, 3, NULL, NULL),
(1151, 40, 4, NULL, 106),
(1152, 40, 5, NULL, 107),
(1153, 40, 6, NULL, NULL),
(1154, 40, 7, NULL, NULL),
(1155, 40, 8, NULL, NULL),
(1156, 40, 9, NULL, NULL),
(1157, 40, 10, NULL, NULL),
(1158, 40, 11, NULL, NULL),
(1159, 40, 12, NULL, NULL),
(1160, 40, 13, NULL, NULL),
(1161, 40, 14, NULL, NULL),
(1162, 40, 15, NULL, NULL),
(1163, 40, 16, NULL, NULL),
(1164, 40, 17, NULL, NULL),
(1165, 40, 18, NULL, NULL),
(1166, 40, 19, NULL, NULL),
(1167, 40, 20, NULL, NULL),
(1168, 41, 1, NULL, NULL),
(1169, 41, 2, NULL, NULL),
(1170, 41, 3, NULL, NULL),
(1171, 41, 4, NULL, NULL),
(1172, 41, 5, NULL, NULL),
(1173, 41, 6, NULL, NULL),
(1174, 41, 7, NULL, NULL),
(1175, 41, 8, NULL, NULL),
(1176, 41, 9, NULL, NULL),
(1177, 41, 10, NULL, NULL),
(1178, 41, 11, NULL, NULL),
(1179, 41, 12, NULL, NULL),
(1180, 41, 13, NULL, NULL),
(1181, 41, 14, NULL, NULL),
(1182, 41, 15, NULL, NULL),
(1183, 41, 16, NULL, NULL),
(1184, 41, 17, NULL, NULL),
(1185, 41, 18, NULL, NULL),
(1186, 41, 19, NULL, NULL),
(1187, 41, 20, NULL, NULL),
(1188, 42, 1, NULL, NULL),
(1189, 42, 2, NULL, NULL),
(1190, 42, 3, NULL, NULL),
(1191, 42, 4, NULL, NULL),
(1192, 42, 5, NULL, NULL),
(1193, 42, 6, NULL, NULL),
(1194, 42, 7, NULL, NULL),
(1195, 42, 8, NULL, NULL),
(1196, 42, 9, NULL, NULL),
(1197, 42, 10, NULL, NULL),
(1198, 42, 11, NULL, NULL),
(1199, 42, 12, NULL, NULL),
(1200, 42, 13, NULL, NULL),
(1201, 42, 14, NULL, NULL),
(1202, 42, 15, NULL, NULL),
(1203, 42, 16, NULL, NULL),
(1204, 42, 17, NULL, NULL),
(1205, 42, 18, NULL, NULL),
(1206, 42, 19, NULL, NULL),
(1207, 42, 20, NULL, NULL),
(1208, 43, 1, NULL, NULL),
(1209, 43, 2, NULL, NULL),
(1210, 43, 3, NULL, NULL),
(1211, 43, 4, NULL, NULL),
(1212, 43, 5, NULL, NULL),
(1213, 43, 6, NULL, NULL),
(1214, 43, 7, NULL, NULL),
(1215, 43, 8, NULL, NULL),
(1216, 43, 9, NULL, NULL),
(1217, 43, 10, NULL, NULL),
(1218, 43, 11, NULL, NULL),
(1219, 43, 12, NULL, 152),
(1220, 43, 13, NULL, NULL),
(1221, 43, 14, NULL, NULL),
(1222, 43, 15, NULL, NULL),
(1223, 43, 16, NULL, NULL),
(1224, 43, 17, NULL, NULL),
(1225, 44, 1, NULL, NULL),
(1226, 44, 2, NULL, NULL),
(1227, 44, 3, NULL, NULL),
(1228, 44, 4, NULL, NULL),
(1229, 44, 5, NULL, NULL),
(1230, 44, 6, NULL, NULL),
(1231, 44, 7, NULL, NULL),
(1232, 44, 8, NULL, NULL),
(1233, 44, 9, NULL, NULL),
(1234, 44, 10, NULL, NULL),
(1235, 44, 11, NULL, NULL),
(1236, 44, 12, NULL, NULL),
(1237, 44, 13, NULL, NULL),
(1238, 44, 14, NULL, NULL),
(1239, 44, 15, NULL, NULL),
(1240, 44, 16, NULL, NULL),
(1241, 44, 17, NULL, NULL),
(1242, 45, 1, NULL, NULL),
(1243, 45, 2, NULL, NULL),
(1244, 45, 3, NULL, NULL),
(1245, 45, 4, NULL, NULL),
(1246, 45, 5, NULL, NULL),
(1247, 45, 6, NULL, NULL),
(1248, 45, 7, NULL, NULL),
(1249, 45, 8, NULL, 257),
(1250, 45, 9, NULL, 258),
(1251, 45, 10, NULL, 259),
(1252, 45, 11, NULL, 260),
(1253, 45, 12, NULL, NULL),
(1254, 45, 13, NULL, NULL),
(1255, 45, 14, NULL, NULL),
(1256, 45, 15, NULL, NULL),
(1257, 45, 16, NULL, NULL),
(1258, 45, 17, NULL, NULL),
(1259, 46, 1, NULL, NULL),
(1260, 46, 2, NULL, NULL),
(1261, 46, 3, NULL, NULL),
(1262, 46, 4, NULL, NULL),
(1263, 46, 5, NULL, NULL),
(1264, 46, 6, NULL, NULL),
(1265, 46, 7, NULL, NULL),
(1266, 46, 8, NULL, NULL),
(1267, 46, 9, NULL, NULL),
(1268, 46, 10, NULL, NULL),
(1269, 46, 11, NULL, NULL),
(1270, 46, 12, NULL, NULL),
(1271, 46, 13, NULL, NULL),
(1272, 46, 14, NULL, NULL),
(1273, 46, 15, NULL, NULL),
(1274, 46, 16, NULL, NULL),
(1275, 46, 17, NULL, NULL),
(1276, 46, 18, NULL, NULL),
(1277, 46, 19, NULL, NULL),
(1278, 46, 20, NULL, NULL),
(1279, 47, 1, NULL, NULL),
(1280, 47, 2, NULL, NULL),
(1281, 47, 3, NULL, NULL),
(1282, 47, 4, NULL, NULL),
(1283, 47, 5, NULL, NULL),
(1284, 47, 6, NULL, NULL),
(1285, 47, 7, NULL, NULL),
(1286, 47, 8, NULL, NULL),
(1287, 47, 9, NULL, NULL),
(1288, 47, 10, NULL, NULL),
(1289, 47, 11, NULL, NULL),
(1290, 47, 12, NULL, NULL),
(1291, 47, 13, NULL, NULL),
(1292, 47, 14, NULL, NULL),
(1293, 47, 15, NULL, NULL),
(1294, 47, 16, NULL, NULL),
(1295, 47, 17, NULL, NULL),
(1296, 47, 18, NULL, NULL),
(1297, 47, 19, NULL, NULL),
(1298, 47, 20, NULL, NULL),
(1299, 48, 1, NULL, NULL),
(1300, 48, 2, NULL, NULL),
(1301, 48, 3, NULL, NULL),
(1302, 48, 4, NULL, NULL),
(1303, 48, 5, NULL, NULL),
(1304, 48, 6, NULL, NULL),
(1305, 48, 7, NULL, NULL),
(1306, 48, 8, NULL, NULL),
(1307, 48, 9, NULL, NULL),
(1308, 48, 10, NULL, NULL),
(1309, 48, 11, NULL, NULL),
(1310, 48, 12, NULL, NULL),
(1311, 48, 13, NULL, NULL),
(1312, 48, 14, NULL, NULL),
(1313, 48, 15, NULL, NULL),
(1314, 48, 16, NULL, NULL),
(1315, 48, 17, NULL, NULL),
(1316, 48, 18, NULL, NULL),
(1317, 48, 19, NULL, NULL),
(1318, 48, 20, NULL, NULL),
(1319, 49, 1, NULL, NULL),
(1320, 49, 2, NULL, 57),
(1321, 49, 3, NULL, NULL),
(1322, 49, 4, NULL, NULL),
(1323, 49, 5, NULL, NULL),
(1324, 49, 6, NULL, NULL),
(1325, 49, 7, NULL, NULL),
(1326, 49, 8, NULL, NULL),
(1327, 49, 9, NULL, NULL),
(1328, 49, 10, NULL, NULL),
(1329, 49, 11, NULL, 263),
(1330, 49, 12, NULL, 264),
(1331, 49, 13, NULL, 265),
(1332, 49, 14, NULL, 266),
(1333, 49, 15, NULL, NULL),
(1334, 49, 16, NULL, NULL),
(1335, 49, 17, NULL, NULL),
(1336, 49, 18, NULL, NULL),
(1337, 49, 19, NULL, NULL),
(1338, 49, 20, NULL, NULL),
(1339, 50, 1, NULL, NULL),
(1340, 50, 2, NULL, 235),
(1341, 50, 3, NULL, 236),
(1342, 50, 4, NULL, 237),
(1343, 50, 5, NULL, 238),
(1344, 50, 6, NULL, 239),
(1345, 50, 7, NULL, 240),
(1346, 50, 8, NULL, 241),
(1347, 50, 9, NULL, 242),
(1348, 50, 10, NULL, NULL),
(1349, 50, 11, NULL, NULL),
(1350, 50, 12, NULL, NULL),
(1351, 50, 13, NULL, NULL),
(1352, 50, 14, NULL, NULL),
(1353, 50, 15, NULL, NULL),
(1354, 50, 16, NULL, 69),
(1355, 50, 17, NULL, 70),
(1356, 50, 18, NULL, 71),
(1357, 50, 19, NULL, 72),
(1358, 50, 20, NULL, NULL),
(1359, 51, 1, NULL, NULL),
(1360, 51, 2, NULL, NULL),
(1361, 51, 3, NULL, NULL),
(1362, 51, 4, NULL, NULL),
(1363, 51, 5, NULL, NULL),
(1364, 51, 6, NULL, NULL),
(1365, 51, 7, NULL, 127),
(1366, 51, 8, NULL, NULL),
(1367, 51, 9, NULL, NULL),
(1368, 51, 10, NULL, NULL),
(1369, 51, 11, NULL, NULL),
(1370, 51, 12, NULL, NULL),
(1371, 51, 13, NULL, NULL),
(1372, 51, 14, NULL, NULL),
(1373, 51, 15, NULL, NULL),
(1374, 52, 1, NULL, NULL),
(1375, 52, 2, NULL, NULL),
(1376, 52, 3, NULL, NULL),
(1377, 52, 4, NULL, NULL),
(1378, 52, 5, NULL, NULL),
(1379, 52, 6, NULL, NULL),
(1380, 52, 7, NULL, NULL),
(1381, 52, 8, NULL, NULL),
(1382, 52, 10, NULL, 108),
(1383, 52, 9, NULL, 109),
(1384, 52, 11, NULL, NULL),
(1385, 52, 12, NULL, NULL),
(1386, 52, 13, NULL, NULL),
(1387, 52, 14, NULL, NULL),
(1388, 52, 15, NULL, NULL),
(1389, 52, 16, NULL, NULL),
(1390, 53, 1, NULL, NULL),
(1391, 53, 2, NULL, NULL),
(1392, 53, 3, NULL, NULL),
(1393, 53, 4, NULL, NULL),
(1394, 53, 5, NULL, NULL),
(1395, 53, 6, NULL, NULL),
(1396, 53, 7, NULL, NULL),
(1397, 53, 8, NULL, NULL),
(1398, 53, 9, NULL, NULL),
(1399, 53, 10, NULL, NULL),
(1400, 53, 11, NULL, NULL),
(1401, 53, 12, NULL, NULL),
(1402, 53, 13, NULL, NULL),
(1403, 53, 14, NULL, NULL),
(1404, 53, 15, NULL, NULL),
(1405, 54, 1, NULL, NULL),
(1406, 54, 2, NULL, NULL),
(1407, 54, 3, NULL, NULL),
(1408, 54, 4, NULL, NULL),
(1409, 54, 5, NULL, NULL),
(1410, 54, 6, NULL, NULL),
(1411, 54, 7, NULL, 225),
(1412, 54, 8, NULL, 226),
(1413, 54, 9, NULL, 227),
(1414, 54, 10, NULL, 228),
(1415, 54, 11, NULL, NULL),
(1416, 54, 12, NULL, NULL),
(1417, 54, 13, NULL, NULL),
(1418, 54, 14, NULL, NULL),
(1419, 54, 15, NULL, NULL),
(1420, 54, 16, NULL, NULL),
(1421, 55, 1, NULL, NULL),
(1422, 55, 2, NULL, NULL),
(1423, 55, 3, NULL, NULL),
(1424, 55, 4, NULL, NULL),
(1425, 55, 5, NULL, NULL),
(1426, 55, 6, NULL, NULL),
(1427, 55, 7, NULL, NULL),
(1428, 55, 8, NULL, NULL),
(1429, 55, 9, NULL, NULL),
(1430, 55, 10, NULL, NULL),
(1431, 55, 11, NULL, NULL),
(1432, 55, 12, NULL, NULL),
(1433, 55, 13, NULL, NULL),
(1434, 55, 14, NULL, NULL),
(1435, 55, 15, NULL, NULL),
(1436, 56, 1, NULL, NULL),
(1437, 56, 2, NULL, NULL),
(1438, 56, 3, NULL, NULL),
(1439, 56, 4, NULL, NULL),
(1440, 56, 5, NULL, NULL),
(1441, 56, 6, NULL, NULL),
(1442, 56, 7, NULL, NULL),
(1443, 56, 8, NULL, NULL),
(1444, 56, 9, NULL, NULL),
(1445, 56, 10, NULL, NULL),
(1446, 56, 11, NULL, NULL),
(1447, 56, 12, NULL, NULL),
(1448, 56, 13, NULL, NULL),
(1449, 56, 14, NULL, NULL),
(1450, 56, 15, NULL, NULL),
(1451, 56, 16, NULL, NULL),
(1452, 57, 1, NULL, NULL),
(1453, 57, 2, NULL, NULL),
(1454, 57, 3, NULL, NULL),
(1455, 57, 4, NULL, NULL),
(1456, 57, 5, NULL, NULL),
(1457, 57, 6, NULL, 183),
(1458, 57, 7, NULL, 184),
(1459, 57, 8, NULL, 185),
(1460, 57, 9, NULL, 186),
(1461, 57, 10, NULL, 187),
(1462, 57, 11, NULL, 188),
(1463, 57, 12, NULL, NULL),
(1464, 57, 13, NULL, NULL),
(1465, 57, 14, NULL, NULL),
(1466, 57, 15, NULL, NULL),
(1467, 58, 1, NULL, NULL),
(1468, 58, 2, NULL, NULL),
(1469, 58, 3, NULL, NULL),
(1470, 58, 4, NULL, NULL),
(1471, 58, 5, NULL, NULL),
(1472, 58, 6, NULL, NULL),
(1473, 58, 7, NULL, NULL),
(1474, 58, 8, NULL, NULL),
(1475, 58, 9, NULL, NULL),
(1476, 58, 10, NULL, NULL),
(1477, 58, 11, NULL, NULL),
(1478, 58, 12, NULL, NULL),
(1479, 58, 13, NULL, NULL),
(1480, 58, 14, NULL, NULL),
(1481, 58, 15, NULL, NULL),
(1482, 58, 16, NULL, NULL),
(1483, 59, 1, NULL, NULL),
(1484, 59, 2, NULL, 229),
(1485, 59, 3, NULL, NULL),
(1486, 59, 4, NULL, NULL),
(1487, 59, 5, NULL, NULL),
(1488, 59, 6, NULL, NULL),
(1489, 59, 7, NULL, NULL),
(1490, 59, 8, NULL, NULL),
(1491, 59, 9, NULL, NULL),
(1492, 59, 10, NULL, NULL),
(1493, 59, 11, NULL, NULL),
(1494, 59, 12, NULL, NULL),
(1495, 59, 13, NULL, NULL),
(1496, 59, 14, NULL, NULL),
(1497, 59, 15, NULL, NULL),
(1498, 60, 1, NULL, NULL),
(1499, 60, 2, NULL, NULL),
(1500, 60, 3, NULL, NULL),
(1501, 60, 4, NULL, NULL),
(1502, 60, 5, NULL, NULL),
(1503, 60, 6, NULL, NULL),
(1504, 60, 7, NULL, NULL),
(1505, 60, 8, NULL, NULL),
(1506, 60, 9, NULL, NULL),
(1507, 60, 10, NULL, NULL),
(1508, 60, 11, NULL, NULL),
(1509, 60, 12, NULL, NULL),
(1510, 60, 13, NULL, NULL),
(1511, 60, 14, NULL, NULL),
(1512, 60, 15, NULL, NULL),
(1513, 60, 16, NULL, NULL),
(1514, 61, 1, NULL, NULL),
(1515, 61, 2, NULL, NULL),
(1516, 61, 3, NULL, NULL),
(1517, 61, 4, NULL, NULL),
(1518, 61, 5, NULL, NULL),
(1519, 61, 6, NULL, NULL),
(1520, 61, 7, NULL, NULL),
(1521, 61, 8, NULL, NULL),
(1522, 61, 9, NULL, NULL),
(1523, 61, 10, NULL, NULL),
(1524, 61, 11, NULL, NULL),
(1525, 61, 12, NULL, NULL),
(1526, 61, 13, NULL, NULL),
(1527, 61, 14, NULL, NULL),
(1528, 61, 15, NULL, NULL),
(1529, 62, 1, NULL, NULL),
(1530, 62, 2, NULL, NULL),
(1531, 62, 3, NULL, NULL),
(1532, 62, 4, NULL, NULL),
(1533, 62, 5, NULL, NULL),
(1534, 62, 6, NULL, NULL),
(1535, 62, 7, NULL, NULL),
(1536, 62, 8, NULL, NULL),
(1537, 62, 9, NULL, NULL),
(1538, 62, 10, NULL, NULL),
(1539, 62, 11, NULL, NULL),
(1540, 62, 12, NULL, NULL),
(1541, 62, 13, NULL, 160),
(1542, 62, 14, NULL, 161),
(1543, 62, 15, NULL, 162),
(1544, 62, 16, NULL, 163),
(1545, 63, 1, NULL, NULL),
(1546, 63, 2, NULL, NULL),
(1547, 63, 3, NULL, NULL),
(1548, 63, 4, NULL, NULL),
(1549, 63, 5, NULL, NULL),
(1550, 63, 6, NULL, NULL),
(1551, 63, 7, NULL, NULL),
(1552, 63, 8, NULL, NULL),
(1553, 63, 9, NULL, NULL),
(1554, 63, 10, NULL, NULL),
(1555, 63, 11, NULL, NULL),
(1556, 63, 12, NULL, NULL),
(1557, 63, 13, NULL, NULL),
(1558, 63, 14, NULL, NULL),
(1559, 63, 15, NULL, NULL),
(1560, 64, 1, NULL, NULL),
(1561, 64, 2, NULL, NULL),
(1562, 64, 3, NULL, NULL),
(1563, 64, 4, NULL, NULL),
(1564, 64, 5, NULL, NULL),
(1565, 64, 6, NULL, NULL),
(1566, 64, 7, NULL, NULL),
(1567, 64, 8, NULL, NULL),
(1568, 64, 9, NULL, NULL),
(1569, 64, 10, NULL, NULL),
(1570, 64, 11, NULL, NULL),
(1571, 64, 12, NULL, NULL),
(1572, 64, 13, NULL, NULL),
(1573, 64, 14, NULL, NULL),
(1574, 64, 15, NULL, NULL),
(1575, 64, 16, NULL, NULL),
(1576, 65, 1, NULL, NULL),
(1577, 65, 2, NULL, NULL),
(1578, 65, 3, NULL, NULL),
(1579, 65, 4, NULL, NULL),
(1580, 65, 5, NULL, NULL),
(1581, 65, 6, NULL, NULL),
(1582, 65, 7, NULL, NULL),
(1583, 65, 8, NULL, NULL),
(1584, 65, 9, NULL, NULL),
(1585, 65, 10, NULL, NULL),
(1586, 65, 11, NULL, NULL),
(1587, 65, 12, NULL, NULL),
(1588, 65, 13, NULL, NULL),
(1589, 65, 14, NULL, NULL),
(1590, 65, 15, NULL, NULL),
(1591, 66, 1, NULL, NULL),
(1592, 66, 2, NULL, NULL),
(1593, 66, 3, NULL, NULL),
(1594, 66, 4, NULL, NULL),
(1595, 66, 5, NULL, NULL),
(1596, 66, 6, NULL, NULL),
(1597, 66, 7, NULL, NULL),
(1598, 66, 8, NULL, NULL),
(1599, 66, 9, NULL, NULL),
(1600, 66, 10, NULL, 44),
(1601, 66, 11, NULL, 45),
(1602, 66, 12, NULL, 46),
(1603, 66, 13, NULL, 47),
(1604, 66, 14, NULL, 48),
(1605, 66, 15, NULL, 49),
(1606, 66, 16, NULL, 50),
(1607, 67, 1, NULL, NULL),
(1608, 67, 2, NULL, NULL),
(1609, 67, 3, NULL, NULL),
(1610, 67, 4, NULL, NULL),
(1611, 67, 5, NULL, NULL),
(1612, 67, 6, NULL, NULL),
(1613, 67, 7, NULL, NULL),
(1614, 67, 8, NULL, NULL),
(1615, 67, 9, NULL, NULL),
(1616, 67, 10, NULL, NULL),
(1617, 67, 11, NULL, NULL),
(1618, 67, 12, NULL, NULL),
(1619, 67, 13, NULL, NULL),
(1620, 67, 14, NULL, NULL),
(1621, 67, 15, NULL, NULL),
(1622, 68, 1, NULL, NULL),
(1623, 68, 2, NULL, NULL),
(1624, 68, 3, NULL, NULL),
(1625, 68, 4, NULL, NULL),
(1626, 68, 5, NULL, NULL),
(1627, 68, 6, NULL, NULL),
(1628, 68, 7, NULL, NULL),
(1629, 68, 8, NULL, NULL),
(1630, 68, 9, NULL, NULL),
(1631, 68, 10, NULL, NULL),
(1632, 68, 11, NULL, 87),
(1633, 68, 12, NULL, 88),
(1634, 68, 13, NULL, 89),
(1635, 68, 14, NULL, 90),
(1636, 68, 15, NULL, 91),
(1637, 68, 16, NULL, 92),
(1638, 69, 1, NULL, NULL),
(1639, 69, 2, NULL, NULL),
(1640, 69, 3, NULL, NULL),
(1641, 69, 4, NULL, NULL),
(1642, 69, 5, NULL, NULL),
(1643, 69, 6, NULL, NULL),
(1644, 69, 7, NULL, NULL),
(1645, 69, 8, NULL, NULL),
(1646, 69, 9, NULL, NULL),
(1647, 69, 10, NULL, NULL),
(1648, 69, 11, NULL, NULL),
(1649, 69, 12, NULL, NULL),
(1650, 69, 13, NULL, NULL),
(1651, 69, 14, NULL, NULL),
(1652, 69, 15, NULL, NULL),
(1653, 70, 1, NULL, NULL),
(1654, 70, 2, NULL, NULL),
(1655, 70, 3, NULL, NULL),
(1656, 70, 4, NULL, NULL),
(1657, 70, 5, NULL, NULL),
(1658, 70, 6, NULL, NULL),
(1659, 70, 7, NULL, NULL),
(1660, 70, 8, NULL, NULL),
(1661, 70, 9, NULL, NULL),
(1662, 70, 10, NULL, NULL),
(1663, 70, 11, NULL, NULL),
(1664, 70, 12, NULL, NULL),
(1665, 70, 13, NULL, NULL),
(1666, 70, 14, NULL, NULL),
(1667, 70, 15, NULL, NULL),
(1668, 70, 16, NULL, NULL),
(1669, 71, 1, NULL, NULL),
(1670, 71, 2, NULL, NULL),
(1671, 71, 3, NULL, NULL),
(1672, 71, 4, NULL, NULL),
(1673, 71, 5, NULL, NULL),
(1674, 71, 6, NULL, NULL),
(1675, 71, 7, NULL, NULL),
(1676, 71, 8, NULL, NULL),
(1677, 71, 9, NULL, NULL),
(1678, 71, 10, NULL, NULL),
(1679, 71, 11, NULL, NULL),
(1680, 71, 12, NULL, NULL),
(1681, 71, 13, NULL, NULL),
(1682, 71, 14, NULL, NULL),
(1683, 71, 15, NULL, NULL),
(1684, 72, 1, NULL, NULL),
(1685, 72, 2, NULL, NULL),
(1686, 72, 3, NULL, NULL),
(1687, 72, 4, NULL, NULL),
(1688, 72, 5, NULL, NULL),
(1689, 72, 6, NULL, NULL),
(1690, 72, 7, NULL, NULL),
(1691, 72, 8, NULL, 98),
(1692, 72, 9, NULL, 99),
(1693, 72, 10, NULL, 100),
(1694, 72, 11, NULL, 101),
(1695, 72, 12, NULL, 102),
(1696, 72, 13, NULL, 103),
(1697, 72, 14, NULL, 104),
(1698, 72, 15, NULL, 105),
(1699, 72, 16, NULL, NULL),
(1700, 73, 1, NULL, NULL),
(1701, 73, 2, NULL, NULL),
(1702, 73, 3, NULL, NULL),
(1703, 73, 4, NULL, NULL),
(1704, 73, 5, NULL, NULL),
(1705, 73, 6, NULL, NULL),
(1706, 73, 7, NULL, NULL),
(1707, 73, 8, NULL, NULL),
(1708, 73, 9, NULL, NULL),
(1709, 73, 10, NULL, NULL),
(1710, 73, 11, NULL, NULL),
(1711, 73, 12, NULL, NULL),
(1712, 73, 13, NULL, NULL),
(1713, 73, 14, NULL, NULL),
(1714, 73, 15, NULL, NULL),
(1715, 74, 1, NULL, NULL),
(1716, 74, 2, NULL, NULL),
(1717, 74, 3, NULL, NULL),
(1718, 74, 4, NULL, NULL),
(1719, 74, 5, NULL, NULL),
(1720, 74, 6, NULL, NULL),
(1721, 74, 7, NULL, NULL),
(1722, 74, 8, NULL, NULL),
(1723, 74, 9, NULL, NULL),
(1724, 74, 10, NULL, NULL),
(1725, 74, 11, NULL, NULL),
(1726, 74, 12, NULL, NULL),
(1727, 74, 13, NULL, NULL),
(1728, 74, 14, NULL, NULL),
(1729, 74, 15, NULL, NULL),
(1730, 74, 16, NULL, NULL),
(1731, 75, 1, NULL, NULL),
(1732, 75, 2, NULL, NULL),
(1733, 75, 3, NULL, NULL),
(1734, 75, 4, NULL, NULL),
(1735, 75, 5, NULL, NULL),
(1736, 75, 6, NULL, NULL),
(1737, 75, 7, NULL, NULL),
(1738, 75, 8, NULL, NULL),
(1739, 75, 9, NULL, NULL),
(1740, 75, 10, NULL, NULL),
(1741, 75, 11, NULL, NULL),
(1742, 75, 12, NULL, NULL),
(1743, 75, 13, NULL, NULL),
(1744, 75, 14, NULL, NULL),
(1745, 75, 15, NULL, NULL),
(1746, 76, 1, NULL, NULL),
(1747, 76, 2, NULL, NULL),
(1748, 76, 3, NULL, NULL),
(1749, 76, 4, NULL, NULL),
(1750, 76, 5, NULL, NULL),
(1751, 76, 6, NULL, NULL),
(1752, 76, 7, NULL, NULL),
(1753, 76, 8, NULL, NULL),
(1754, 76, 9, NULL, NULL),
(1755, 76, 10, NULL, NULL),
(1756, 76, 11, NULL, NULL),
(1757, 76, 12, NULL, NULL),
(1758, 76, 13, NULL, NULL),
(1759, 76, 14, NULL, NULL),
(1760, 76, 15, NULL, NULL),
(1761, 76, 16, NULL, NULL),
(1762, 77, 1, NULL, NULL),
(1763, 77, 2, NULL, NULL),
(1764, 77, 3, NULL, NULL),
(1765, 77, 4, NULL, NULL),
(1766, 77, 5, NULL, NULL),
(1767, 77, 6, NULL, NULL),
(1768, 77, 7, NULL, NULL),
(1769, 77, 8, NULL, NULL),
(1770, 77, 9, NULL, NULL),
(1771, 77, 10, NULL, NULL),
(1772, 77, 11, NULL, NULL),
(1773, 77, 12, NULL, NULL),
(1774, 77, 13, NULL, NULL),
(1775, 77, 14, NULL, NULL),
(1776, 77, 15, NULL, NULL),
(1777, 78, 1, NULL, 189),
(1778, 78, 2, NULL, 190),
(1779, 78, 3, NULL, NULL),
(1780, 78, 4, NULL, NULL),
(1781, 78, 5, NULL, NULL),
(1782, 78, 6, NULL, NULL),
(1783, 78, 7, NULL, NULL),
(1784, 78, 8, NULL, NULL),
(1785, 78, 9, NULL, NULL),
(1786, 78, 10, NULL, 223),
(1787, 78, 11, NULL, 224),
(1788, 78, 12, NULL, NULL),
(1789, 78, 13, NULL, NULL),
(1790, 78, 14, NULL, NULL),
(1791, 78, 15, NULL, NULL),
(1792, 78, 16, NULL, NULL),
(1793, 79, 1, NULL, NULL),
(1794, 79, 2, NULL, NULL),
(1795, 79, 3, NULL, NULL),
(1796, 79, 4, NULL, NULL),
(1797, 79, 5, NULL, NULL),
(1798, 79, 6, NULL, NULL),
(1799, 79, 7, NULL, NULL),
(1800, 79, 8, NULL, NULL),
(1801, 79, 9, NULL, NULL),
(1802, 79, 10, NULL, NULL),
(1803, 79, 11, NULL, NULL),
(1804, 79, 12, NULL, NULL),
(1805, 79, 13, NULL, NULL),
(1806, 79, 14, NULL, NULL),
(1807, 79, 15, NULL, NULL),
(1808, 80, 1, NULL, NULL),
(1809, 80, 2, NULL, 204),
(1810, 80, 3, NULL, 205),
(1811, 80, 4, NULL, 206),
(1812, 80, 5, NULL, 207),
(1813, 80, 6, NULL, 208),
(1814, 80, 7, NULL, 209),
(1815, 80, 8, NULL, 210),
(1816, 80, 9, NULL, NULL),
(1817, 80, 10, NULL, NULL),
(1818, 80, 11, NULL, NULL),
(1819, 80, 12, NULL, NULL),
(1820, 80, 13, NULL, NULL),
(1821, 80, 14, NULL, NULL),
(1822, 80, 15, NULL, NULL),
(1823, 80, 16, NULL, NULL),
(1824, 81, 1, NULL, NULL),
(1825, 81, 2, NULL, NULL),
(1826, 81, 3, NULL, NULL),
(1827, 81, 4, NULL, 132),
(1828, 81, 5, NULL, 133),
(1829, 81, 6, NULL, 134),
(1830, 81, 7, NULL, 135),
(1831, 81, 8, NULL, 136),
(1832, 81, 9, NULL, 137),
(1833, 81, 10, NULL, NULL),
(1834, 81, 11, NULL, NULL),
(1835, 81, 12, NULL, NULL),
(1836, 81, 13, NULL, NULL),
(1837, 81, 14, NULL, NULL),
(1838, 81, 15, NULL, NULL),
(1839, 82, 1, NULL, NULL),
(1840, 82, 2, NULL, NULL),
(1841, 82, 3, NULL, NULL),
(1842, 82, 4, NULL, NULL),
(1843, 82, 5, NULL, NULL),
(1844, 82, 6, NULL, NULL),
(1845, 82, 7, NULL, NULL),
(1846, 82, 8, NULL, NULL),
(1847, 82, 9, NULL, NULL),
(1848, 82, 10, NULL, NULL),
(1849, 82, 11, NULL, NULL),
(1850, 82, 12, NULL, NULL),
(1851, 82, 13, NULL, NULL),
(1852, 82, 14, NULL, NULL),
(1853, 82, 15, NULL, NULL),
(1854, 82, 16, NULL, NULL),
(1855, 83, 1, NULL, NULL),
(1856, 83, 2, NULL, NULL),
(1857, 83, 3, NULL, 1),
(1858, 83, 4, NULL, 2),
(1859, 83, 5, NULL, 3),
(1860, 83, 6, NULL, 4),
(1861, 83, 7, NULL, NULL),
(1862, 83, 8, NULL, NULL),
(1863, 83, 9, NULL, NULL),
(1864, 83, 10, NULL, NULL),
(1865, 83, 11, NULL, 199),
(1866, 83, 12, NULL, 200),
(1867, 83, 13, NULL, 201),
(1868, 83, 14, NULL, 202),
(1869, 83, 15, NULL, 203),
(1870, 84, 1, NULL, NULL),
(1871, 84, 2, NULL, NULL),
(1872, 84, 3, NULL, NULL),
(1873, 84, 4, NULL, NULL),
(1874, 84, 5, NULL, NULL),
(1875, 84, 6, NULL, NULL),
(1876, 84, 7, NULL, NULL),
(1877, 84, 8, NULL, NULL),
(1878, 84, 9, NULL, NULL),
(1879, 84, 10, NULL, NULL),
(1880, 84, 11, NULL, NULL),
(1881, 84, 12, NULL, NULL),
(1882, 84, 13, NULL, NULL),
(1883, 84, 14, NULL, NULL),
(1884, 84, 15, NULL, 55),
(1885, 84, 16, NULL, 56),
(1886, 85, 1, NULL, NULL),
(1887, 85, 2, NULL, NULL),
(1888, 85, 3, NULL, NULL),
(1889, 85, 4, NULL, NULL),
(1890, 85, 5, NULL, NULL),
(1891, 85, 6, NULL, NULL),
(1892, 85, 7, NULL, NULL),
(1893, 85, 8, NULL, NULL),
(1894, 85, 9, NULL, NULL),
(1895, 85, 10, NULL, NULL),
(1896, 85, 11, NULL, NULL),
(1897, 85, 12, NULL, NULL),
(1898, 85, 13, NULL, NULL),
(1899, 85, 14, NULL, NULL),
(1900, 85, 15, NULL, NULL),
(1901, 86, 1, NULL, NULL),
(1902, 86, 2, NULL, NULL),
(1903, 86, 3, NULL, NULL),
(1904, 86, 4, NULL, NULL),
(1905, 86, 5, NULL, NULL),
(1906, 86, 6, NULL, 32),
(1907, 86, 7, NULL, NULL),
(1908, 86, 8, NULL, NULL),
(1909, 86, 9, NULL, NULL),
(1910, 86, 10, NULL, NULL),
(1911, 86, 11, NULL, NULL),
(1912, 86, 12, NULL, NULL),
(1913, 86, 13, NULL, NULL),
(1914, 86, 14, NULL, NULL),
(1915, 86, 15, NULL, NULL),
(1916, 86, 16, NULL, NULL),
(1917, 87, 1, NULL, NULL),
(1918, 87, 2, NULL, NULL),
(1919, 87, 3, NULL, NULL),
(1920, 87, 4, NULL, NULL),
(1921, 87, 5, NULL, NULL),
(1922, 87, 6, NULL, NULL),
(1923, 87, 7, NULL, NULL),
(1924, 87, 8, NULL, 93),
(1925, 87, 9, NULL, 94),
(1926, 87, 10, NULL, 95),
(1927, 87, 11, NULL, 96),
(1928, 87, 12, NULL, 97),
(1929, 87, 13, NULL, NULL),
(1930, 87, 14, NULL, NULL),
(1931, 87, 15, NULL, NULL),
(1932, 88, 1, NULL, NULL),
(1933, 88, 2, NULL, NULL),
(1934, 88, 3, NULL, NULL),
(1935, 88, 4, NULL, NULL),
(1936, 88, 5, NULL, NULL),
(1937, 88, 6, NULL, NULL),
(1938, 88, 7, NULL, NULL),
(1939, 88, 8, NULL, NULL),
(1940, 88, 9, NULL, NULL),
(1941, 88, 10, NULL, NULL),
(1942, 88, 11, NULL, NULL),
(1943, 88, 12, NULL, NULL),
(1944, 88, 13, NULL, NULL),
(1945, 88, 14, NULL, 243),
(1946, 88, 15, NULL, 244),
(1947, 88, 16, NULL, NULL),
(1948, 89, 1, NULL, NULL),
(1949, 89, 2, NULL, NULL),
(1950, 89, 3, NULL, NULL),
(1951, 89, 4, NULL, NULL),
(1952, 89, 5, NULL, NULL),
(1953, 89, 6, NULL, NULL),
(1954, 89, 7, NULL, NULL),
(1955, 89, 8, NULL, NULL),
(1956, 89, 9, NULL, NULL),
(1957, 89, 10, NULL, NULL),
(1958, 89, 11, NULL, NULL),
(1959, 89, 12, NULL, NULL),
(1960, 89, 13, NULL, NULL),
(1961, 89, 14, NULL, NULL),
(1962, 89, 15, NULL, NULL),
(1963, 90, 1, NULL, NULL),
(1964, 90, 2, NULL, NULL),
(1965, 90, 3, NULL, NULL),
(1966, 90, 4, NULL, NULL),
(1967, 90, 5, NULL, NULL),
(1968, 90, 6, NULL, NULL),
(1969, 90, 7, NULL, NULL),
(1970, 90, 8, NULL, NULL),
(1971, 90, 9, NULL, NULL),
(1972, 90, 10, NULL, NULL),
(1973, 90, 11, NULL, NULL),
(1974, 90, 12, NULL, NULL),
(1975, 90, 13, NULL, NULL),
(1976, 90, 14, NULL, NULL),
(1977, 90, 15, NULL, NULL),
(1978, 90, 16, NULL, NULL),
(1979, 91, 1, NULL, NULL),
(1980, 91, 2, NULL, NULL),
(1981, 91, 3, NULL, NULL),
(1982, 91, 4, NULL, NULL),
(1983, 91, 5, NULL, NULL),
(1984, 91, 6, NULL, NULL),
(1985, 91, 7, NULL, NULL),
(1986, 91, 8, NULL, NULL),
(1987, 91, 9, NULL, NULL),
(1988, 91, 10, NULL, NULL),
(1989, 91, 11, NULL, NULL),
(1990, 91, 12, NULL, NULL),
(1991, 91, 13, NULL, NULL),
(1992, 91, 14, NULL, NULL),
(1993, 91, 15, NULL, NULL),
(1994, 92, 1, NULL, NULL),
(1995, 92, 2, NULL, NULL),
(1996, 92, 3, NULL, NULL),
(1997, 92, 4, NULL, NULL),
(1998, 92, 5, NULL, NULL),
(1999, 92, 6, NULL, NULL),
(2000, 92, 7, NULL, NULL),
(2001, 92, 8, NULL, NULL),
(2002, 92, 9, NULL, NULL),
(2003, 92, 10, NULL, NULL),
(2004, 92, 11, NULL, NULL),
(2005, 92, 12, NULL, NULL),
(2006, 92, 13, NULL, NULL),
(2007, 92, 14, NULL, NULL),
(2008, 92, 15, NULL, NULL),
(2009, 92, 16, NULL, NULL);

-- --------------------------------------------------------

--
-- Table structure for table `location_seat_rows`
--

CREATE TABLE `location_seat_rows` (
  `id` bigint UNSIGNED NOT NULL,
  `name` varchar(50) COLLATE utf8mb4_unicode_ci NOT NULL,
  `order` mediumint UNSIGNED NOT NULL,
  `show_id` bigint UNSIGNED NOT NULL
) ENGINE=InnoDB DEFAULT CHARSET=utf8mb4 COLLATE=utf8mb4_unicode_ci;

--
-- Dumping data for table `location_seat_rows`
--

INSERT INTO `location_seat_rows` (`id`, `name`, `order`, `show_id`) VALUES
(1, 'Stalls 01', 1, 1),
(2, 'Stalls 02', 2, 1),
(3, 'Stalls 03', 3, 1),
(4, 'Stalls 04', 4, 1),
(5, 'Stalls 05', 5, 1),
(6, 'Stalls 06', 6, 1),
(7, 'Stalls 07', 7, 1),
(8, 'Stalls 08', 8, 1),
(9, 'Stalls 09', 9, 1),
(10, 'Stalls 10', 10, 1),
(11, 'Stalls 11', 11, 1),
(12, 'Stalls 12', 12, 1),
(13, 'Stalls 13', 13, 1),
(14, 'Stalls 14', 14, 1),
(15, 'Stalls 15', 15, 1),
(16, 'Stalls 16', 16, 1),
(17, 'Stalls 17', 17, 1),
(18, 'Stalls 18', 18, 1),
(19, 'Terrace 1', 19, 1),
(20, 'Terrace 2', 20, 1),
(21, 'Terrace 3', 21, 1),
(22, 'Terrace 4', 22, 1),
(23, 'Terrace 5', 23, 1),
(24, 'Terrace 6', 24, 1),
(25, '1', 1, 5),
(26, '2', 2, 5),
(27, '3', 3, 5),
(28, '4', 4, 5),
(29, '5', 5, 5),
(30, '6', 6, 5),
(31, '7', 7, 5),
(32, '8', 8, 5),
(33, '9', 9, 5),
(34, '10', 10, 5),
(35, '11', 11, 5),
(36, '12', 12, 5),
(37, '13', 13, 5),
(38, '1', 1, 6),
(39, '2', 2, 6),
(40, '3', 3, 6),
(41, '4', 4, 6),
(42, '5', 5, 6),
(43, '6', 6, 6),
(44, '7', 7, 6),
(45, '8', 8, 6),
(46, '9', 9, 6),
(47, '10', 10, 6),
(48, '11', 11, 6),
(49, '12', 12, 6),
(50, '13', 13, 6),
(51, 'A', 1, 2),
(52, 'B', 2, 2),
(53, 'C', 3, 2),
(54, 'D', 4, 2),
(55, 'E', 5, 2),
(56, 'F', 6, 2),
(57, 'G', 7, 2),
(58, 'H', 8, 2),
(59, 'I', 9, 2),
(60, 'J', 10, 2),
(61, 'K', 11, 2),
(62, 'L', 12, 2),
(63, 'M', 13, 2),
(64, 'N', 14, 2),
(65, 'A', 1, 3),
(66, 'B', 2, 3),
(67, 'C', 3, 3),
(68, 'D', 4, 3),
(69, 'E', 5, 3),
(70, 'F', 6, 3),
(71, 'G', 7, 3),
(72, 'H', 8, 3),
(73, 'I', 9, 3),
(74, 'J', 10, 3),
(75, 'K', 11, 3),
(76, 'L', 12, 3),
(77, 'M', 13, 3),
(78, 'N', 14, 3),
(79, 'A', 1, 4),
(80, 'B', 2, 4),
(81, 'C', 3, 4),
(82, 'D', 4, 4),
(83, 'E', 5, 4),
(84, 'F', 6, 4),
(85, 'G', 7, 4),
(86, 'H', 8, 4),
(87, 'I', 9, 4),
(88, 'J', 10, 4),
(89, 'K', 11, 4),
(90, 'L', 12, 4),
(91, 'M', 13, 4),
(92, 'N', 14, 4);

-- --------------------------------------------------------

--
-- Table structure for table `migrations`
--

CREATE TABLE `migrations` (
  `id` int UNSIGNED NOT NULL,
  `migration` varchar(255) COLLATE utf8mb4_unicode_ci NOT NULL,
  `batch` int NOT NULL
) ENGINE=InnoDB DEFAULT CHARSET=utf8mb4 COLLATE=utf8mb4_unicode_ci;

--
-- Dumping data for table `migrations`
--

INSERT INTO `migrations` (`id`, `migration`, `batch`) VALUES
(1, '2021_06_09_214005_create_locations_table', 1),
(2, '2021_06_09_214112_create_concerts_table', 1),
(3, '2021_06_09_214133_create_shows_table', 1),
(4, '2021_06_09_214142_create_bookings_table', 1),
(5, '2021_06_09_214502_create_reservations_table', 1),
(6, '2021_06_09_214515_create_tickets_table', 1),
(7, '2021_06_09_214532_create_location_seat_rows_table', 1),
(8, '2021_06_09_214547_create_location_seats_table', 1);

-- --------------------------------------------------------

--
-- Table structure for table `reservations`
--

CREATE TABLE `reservations` (
  `id` bigint UNSIGNED NOT NULL,
  `token` varchar(255) COLLATE utf8mb4_unicode_ci NOT NULL,
  `expires_at` timestamp NOT NULL DEFAULT 0
) ENGINE=InnoDB DEFAULT CHARSET=utf8mb4 COLLATE=utf8mb4_unicode_ci;

-- --------------------------------------------------------

--
-- Table structure for table `shows`
--

CREATE TABLE `shows` (
  `id` bigint UNSIGNED NOT NULL,
  `concert_id` bigint UNSIGNED NOT NULL,
  `start` timestamp NOT NULL DEFAULT 0,
  `end` timestamp NOT NULL DEFAULT 0
) ENGINE=InnoDB DEFAULT CHARSET=utf8mb4 COLLATE=utf8mb4_unicode_ci;

--
-- Dumping data for table `shows`
--

INSERT INTO `shows` (`id`, `concert_id`, `start`, `end`) VALUES
(1, 1, '2021-10-02 21:00:00', '2021-10-03 00:00:00'),
(2, 2, '2021-10-01 19:00:00', '2021-10-01 21:00:00'),
(3, 4, '2021-10-03 20:00:00', '2021-10-03 23:00:00'),
(4, 2, '2021-09-30 22:30:00', '2021-10-01 00:30:00'),
(5, 3, '2021-09-30 19:00:00', '2021-09-30 21:00:00'),
(6, 3, '2021-10-01 22:30:00', '2021-10-02 00:30:00');

-- --------------------------------------------------------

--
-- Table structure for table `tickets`
--

CREATE TABLE `tickets` (
  `id` bigint UNSIGNED NOT NULL,
  `code` varchar(10) COLLATE utf8mb4_unicode_ci NOT NULL,
  `booking_id` bigint UNSIGNED NOT NULL,
  `created_at` timestamp NOT NULL DEFAULT CURRENT_TIMESTAMP
) ENGINE=InnoDB DEFAULT CHARSET=utf8mb4 COLLATE=utf8mb4_unicode_ci;

--
-- Dumping data for table `tickets`
--

INSERT INTO `tickets` (`id`, `code`, `booking_id`, `created_at`) VALUES
(1, 'ZFKESP6UDA', 1, '2021-08-09 13:41:25'),
(2, '58H16ULB4Q', 1, '2021-08-09 13:41:25'),
(3, 'QM20XYRODA', 1, '2021-08-09 13:41:25'),
(4, '1UBJVOQZY0', 1, '2021-08-09 13:41:25'),
(5, 'Q12GYJ6NK7', 2, '2021-06-27 18:03:26'),
(6, 'A94YD3FOWU', 2, '2021-06-27 18:03:26'),
(7, '6VX2PKWA1L', 2, '2021-06-27 18:03:26'),
(8, 'VUSJNZ2QM4', 2, '2021-06-27 18:03:26'),
(9, 'XOEK30WQC2', 2, '2021-06-27 18:03:26'),
(10, '1HCR4DLSTW', 2, '2021-06-27 18:03:26'),
(11, 'WZRJTL3Y4M', 2, '2021-06-27 18:03:26'),
(12, 'QU3LS47K18', 3, '2021-01-06 09:09:00'),
(13, 'L19YRM8KSD', 3, '2021-01-06 09:09:00'),
(14, 'OHCZ3FADYE', 3, '2021-01-06 09:09:00'),
(15, '1TEGDBXLYN', 3, '2021-01-06 09:09:00'),
(16, 'JU734PKER2', 4, '2021-01-07 00:35:21'),
(17, 'FXJI6HWK5T', 4, '2021-01-07 00:35:21'),
(18, 'QH3102BAIF', 4, '2021-01-07 00:35:21'),
(19, 'QDS37ZHJRE', 5, '2021-06-12 00:44:39'),
(20, 'QS2UGM7VD5', 5, '2021-06-12 00:44:39'),
(21, 'XBFAUJ82Z0', 5, '2021-06-12 00:44:39'),
(22, 'M6S4ZFXA8U', 5, '2021-06-12 00:44:39'),
(23, 'T7SCE4B2Q3', 5, '2021-06-12 00:44:39'),
(24, '4AG90FYSDK', 5, '2021-06-12 00:44:39'),
(25, 'MCKF0Z3J46', 5, '2021-06-12 00:44:39'),
(26, 'FPJDXOQLME', 6, '2021-05-21 03:29:06'),
(27, 'F4R5K2Y8WN', 6, '2021-05-21 03:29:06'),
(28, '92F13ZBDRG', 6, '2021-05-21 03:29:06'),
(29, '8672N34JLV', 7, '2021-09-11 00:57:25'),
(30, 'K1PUTXDH42', 7, '2021-09-11 00:57:25'),
(31, 'QW1OIDBUFM', 7, '2021-09-11 00:57:25'),
(32, 'JZV458ACIM', 8, '2021-06-28 02:16:09'),
(33, 'T4RANG0CH6', 9, '2021-04-20 03:58:15'),
(34, '7W5TLZHUCE', 9, '2021-04-20 03:58:15'),
(35, '3AUSWZQNOF', 9, '2021-04-20 03:58:15'),
(36, 'HZW2O45I91', 9, '2021-04-20 03:58:15'),
(37, 'IR9AZBCT4Y', 9, '2021-04-20 03:58:15'),
(38, 'JH9UPLOW8G', 9, '2021-04-20 03:58:15'),
(39, 'WV152ING0X', 10, '2021-04-28 13:53:47'),
(40, 'CAJQF3ZIUN', 10, '2021-04-28 13:53:47'),
(41, '78YPVAD1RZ', 10, '2021-04-28 13:53:47'),
(42, '27CK4A85RQ', 10, '2021-04-28 13:53:47'),
(43, '04NTAFYGOB', 10, '2021-04-28 13:53:47'),
(44, 'LDTKYGQWIX', 11, '2021-03-11 04:00:13'),
(45, '63SUE8710G', 11, '2021-03-11 04:00:13'),
(46, 'DAM37YKUZJ', 11, '2021-03-11 04:00:13'),
(47, 'HRDSP6K1MJ', 11, '2021-03-11 04:00:13'),
(48, 'JP7A59SCQE', 11, '2021-03-11 04:00:13'),
(49, 'EIO3DTQ47N', 11, '2021-03-11 04:00:13'),
(50, 'VHRBL0NA7W', 11, '2021-03-11 04:00:13'),
(51, 'XKTYPOEGZL', 12, '2021-03-10 22:42:06'),
(52, 'T6XDKFE01B', 12, '2021-03-10 22:42:06'),
(53, '7QA6LIX59Y', 12, '2021-03-10 22:42:06'),
(54, 'FXVW138NPI', 12, '2021-03-10 22:42:06'),
(55, 'J9T6KUS12A', 13, '2021-05-13 00:51:55'),
(56, '2416KCR5FW', 13, '2021-05-13 00:51:55'),
(57, 'Z17QV2YXMC', 14, '2021-03-17 22:22:43'),
(58, 'GB4MWL6VT1', 15, '2021-01-25 11:13:41'),
(59, 'CZRBK9EGIL', 15, '2021-01-25 11:13:41'),
(60, 'XP3QH76F5N', 15, '2021-01-25 11:13:41'),
(61, 'AZ04RVQ5LT', 15, '2021-01-25 11:13:41'),
(62, '5W4KPQTHRC', 16, '2021-06-10 07:09:13'),
(63, '4U0N89HVCK', 16, '2021-06-10 07:09:13'),
(64, 'D60NYXTBZF', 16, '2021-06-10 07:09:13'),
(65, 'OZ5SK7NWYI', 16, '2021-06-10 07:09:13'),
(66, '3HRQKYZ02T', 16, '2021-06-10 07:09:13'),
(67, 'XUP190DCY5', 16, '2021-06-10 07:09:13'),
(68, 'TWB09JLGX2', 16, '2021-06-10 07:09:13'),
(69, 'PX9EGBYCTH', 17, '2021-07-22 17:53:21'),
(70, 'S60CQHWFGJ', 17, '2021-07-22 17:53:21'),
(71, 'BSXF0WC2AQ', 17, '2021-07-22 17:53:21'),
(72, '4ED6B8N2MQ', 17, '2021-07-22 17:53:21'),
(73, 'W5G9JF2TBH', 18, '2021-01-28 05:42:21'),
(74, 'CDYHQK4BL5', 18, '2021-01-28 05:42:21'),
(75, '0SPD4Q1WH2', 18, '2021-01-28 05:42:21'),
(76, 'JO7W3UENHX', 18, '2021-01-28 05:42:21'),
(77, 'Z36THPQ18V', 18, '2021-01-28 05:42:21'),
(78, 'ONK4JZWY1L', 18, '2021-01-28 05:42:21'),
(79, 'LYZFJE5I07', 18, '2021-01-28 05:42:21'),
(80, 'N4TO9E7F0Z', 19, '2021-05-23 05:54:43'),
(81, 'DOFGVH17IE', 19, '2021-05-23 05:54:43'),
(82, 'SA9QV5MPYL', 19, '2021-05-23 05:54:43'),
(83, '6NFKCOXT1V', 19, '2021-05-23 05:54:43'),
(84, 'IADWP93XLJ', 19, '2021-05-23 05:54:43'),
(85, 'PF2465ZI3N', 19, '2021-05-23 05:54:43'),
(86, 'CMSZG3L25I', 19, '2021-05-23 05:54:43'),
(87, 'J0U71OX8RZ', 20, '2021-08-29 03:00:10'),
(88, 'LJSI16XZ9E', 20, '2021-08-29 03:00:10'),
(89, 'MY50EJ69XU', 20, '2021-08-29 03:00:10'),
(90, 'Q5LM0S7XR3', 20, '2021-08-29 03:00:10'),
(91, 'ND895IE043', 20, '2021-08-29 03:00:10'),
(92, 'TQIOL9P3GW', 20, '2021-08-29 03:00:10'),
(93, 'K91R4PYDMN', 21, '2021-07-04 20:47:12'),
(94, 'D1TEUIFCK3', 21, '2021-07-04 20:47:12'),
(95, 'WJCXL7P85T', 21, '2021-07-04 20:47:12'),
(96, 'BEXZ4N1LAU', 21, '2021-07-04 20:47:12'),
(97, 'D2C318MIUE', 21, '2021-07-04 20:47:12'),
(98, '9TFZCYPQ0J', 22, '2021-03-21 16:33:18'),
(99, 'GWBUS23A4I', 22, '2021-03-21 16:33:18'),
(100, 'X0ESUJMKFR', 22, '2021-03-21 16:33:18'),
(101, 'TIMFKHJPYS', 22, '2021-03-21 16:33:18'),
(102, 'UJQOY0P3K8', 22, '2021-03-21 16:33:18'),
(103, 'QY76GTSDX8', 22, '2021-03-21 16:33:18'),
(104, 'CRVZDQ07FT', 22, '2021-03-21 16:33:18'),
(105, '7INDOL0Q8S', 22, '2021-03-21 16:33:18'),
(106, 'R60BG2TAM5', 23, '2021-07-15 13:38:05'),
(107, '30C4HJXO1Y', 23, '2021-07-15 13:38:05'),
(108, 'ANY9VIBEQC', 24, '2021-06-23 19:54:09'),
(109, 'BLPEMQYDVF', 24, '2021-06-23 19:54:09'),
(110, 'BAPOILR4HF', 25, '2021-08-06 02:32:57'),
(111, 'G35J1PYMKX', 25, '2021-08-06 02:32:57'),
(112, 'E49KWUJ0PX', 25, '2021-08-06 02:32:57'),
(113, '90IF1VSJZ3', 26, '2021-05-22 07:44:22'),
(114, '6QAM423NKS', 26, '2021-05-22 07:44:22'),
(115, 'LDP4U7XZE2', 26, '2021-05-22 07:44:22'),
(116, 'SVK8P9T2XA', 26, '2021-05-22 07:44:22'),
(117, '4FW31U9KMJ', 26, '2021-05-22 07:44:22'),
(118, 'DRWGSLE7M2', 26, '2021-05-22 07:44:22'),
(119, 'Y76KAOG8Z4', 27, '2021-08-30 02:50:20'),
(120, 'YQ1K9B2W0H', 27, '2021-08-30 02:50:20'),
(121, 'P9348WRESJ', 27, '2021-08-30 02:50:20'),
(122, '43FT9K6E8I', 27, '2021-08-30 02:50:20'),
(123, 'MX7CNU4G8V', 27, '2021-08-30 02:50:20'),
(124, '9AXSZY07EP', 27, '2021-08-30 02:50:20'),
(125, '0HUZ1W4KEV', 27, '2021-08-30 02:50:20'),
(126, 'XWOMYVHF8P', 27, '2021-08-30 02:50:20'),
(127, 'B1KCNU05TX', 28, '2021-02-22 22:23:05'),
(128, 'JA3C18LZ9G', 29, '2021-01-28 09:14:54'),
(129, 'XCFM8BJ3IQ', 29, '2021-01-28 09:14:54'),
(130, 'WTSCG0Z687', 30, '2021-06-08 15:08:10'),
(131, 'OWZQ0A3PDT', 30, '2021-06-08 15:08:10'),
(132, 'UK73SZXV5C', 31, '2021-08-22 11:41:04'),
(133, 'GVZSR6A9OQ', 31, '2021-08-22 11:41:04'),
(134, 'CR8B9GDYUV', 31, '2021-08-22 11:41:04'),
(135, 'M2EBG1D0ZP', 31, '2021-08-22 11:41:04'),
(136, 'IA7Q20TG4B', 31, '2021-08-22 11:41:04'),
(137, 'CZBOL13PHG', 31, '2021-08-22 11:41:04'),
(138, '079DJ4B3L5', 32, '2021-08-13 23:37:47'),
(139, 'PTKQ06WBOZ', 32, '2021-08-13 23:37:47'),
(140, 'N72RXSBKTD', 32, '2021-08-13 23:37:47'),
(141, '6GVEXPI3FC', 32, '2021-08-13 23:37:47'),
(142, 'C983UTQNVG', 32, '2021-08-13 23:37:47'),
(143, 'Q17TV5HLOA', 32, '2021-08-13 23:37:47'),
(144, 'XTMF7DLRHG', 33, '2021-03-14 19:56:25'),
(145, 'NWF4LE6PQ3', 33, '2021-03-14 19:56:25'),
(146, '5DLQKHPYE8', 33, '2021-03-14 19:56:25'),
(147, 'HUXDME14F5', 33, '2021-03-14 19:56:25'),
(148, 'O2LA5FY4H1', 33, '2021-03-14 19:56:25'),
(149, 'XAWDZLFYKV', 33, '2021-03-14 19:56:25'),
(150, 'YUWKV5TNI0', 33, '2021-03-14 19:56:25'),
(151, '3Q2BFPXSJE', 33, '2021-03-14 19:56:25'),
(152, 'BF8RD2NGVW', 34, '2021-07-15 18:19:39'),
(153, '9KO7LWMXTQ', 35, '2021-05-31 13:30:43'),
(154, '2EQSN3PUWH', 35, '2021-05-31 13:30:43'),
(155, 'B5E10Q984I', 35, '2021-05-31 13:30:43'),
(156, 'OMPA60XHVF', 35, '2021-05-31 13:30:43'),
(157, 'CTQEZD9S2Y', 35, '2021-05-31 13:30:43'),
(158, 'YS8MWA2PZ9', 35, '2021-05-31 13:30:43'),
(159, 'HJ2K73QPAC', 35, '2021-05-31 13:30:43'),
(160, '4HF02GWS8Z', 36, '2021-02-26 19:06:54'),
(161, 'WNIQ1V48YX', 36, '2021-02-26 19:06:54'),
(162, 'VJDNH4WZTQ', 36, '2021-02-26 19:06:54'),
(163, '6OFJD349BY', 36, '2021-02-26 19:06:54'),
(164, '938Z51W746', 37, '2021-08-12 10:17:25'),
(165, 'HVYIT2BUFE', 37, '2021-08-12 10:17:25'),
(166, 'VKJBHAOCWQ', 37, '2021-08-12 10:17:25'),
(167, 'B2CI7FEP9T', 37, '2021-08-12 10:17:25'),
(168, 'OI4TNJ57XS', 37, '2021-08-12 10:17:25'),
(169, '9MP6F4E5CN', 38, '2021-09-02 04:28:51'),
(170, 'PV3A4KG5B2', 38, '2021-09-02 04:28:51'),
(171, 'IKJHFB6W05', 38, '2021-09-02 04:28:51'),
(172, 'FWQ5PNEYHX', 38, '2021-09-02 04:28:51'),
(173, 'TESPAZK4JI', 38, '2021-09-02 04:28:51'),
(174, 'MKD5SV7GR3', 38, '2021-09-02 04:28:51'),
(175, 'GT713RNYSI', 38, '2021-09-02 04:28:51'),
(176, 'PDYH1GNZ5L', 39, '2021-08-15 16:18:33'),
(177, '35H4DOL80Z', 39, '2021-08-15 16:18:33'),
(178, 'DJ957K0TCM', 39, '2021-08-15 16:18:33'),
(179, 'IL60PVSGFB', 39, '2021-08-15 16:18:33'),
(180, 'OJVD36LW2C', 39, '2021-08-15 16:18:33'),
(181, 'YVFO2RXT5J', 39, '2021-08-15 16:18:33'),
(182, 'PODM3SNREL', 39, '2021-08-15 16:18:33'),
(183, 'PBZIUE8K65', 40, '2021-05-16 18:44:10'),
(184, 'LCE0YM7Z4K', 40, '2021-05-16 18:44:10'),
(185, 'XOLK1NWGJ5', 40, '2021-05-16 18:44:10'),
(186, 'JL56P07KYU', 40, '2021-05-16 18:44:10'),
(187, '1OZJ4NGMHQ', 40, '2021-05-16 18:44:10'),
(188, 'WFKGVPLCTJ', 40, '2021-05-16 18:44:10'),
(189, 'SGL5UIC092', 41, '2021-03-11 05:54:29'),
(190, 'TA3O18G0H9', 41, '2021-03-11 05:54:29'),
(191, '76KSU1BMI2', 42, '2021-06-23 19:35:22'),
(192, 'C4VDIRME8A', 42, '2021-06-23 19:35:22'),
(193, 'FHDXJC0N4K', 42, '2021-06-23 19:35:22'),
(194, 'TKMS9YN7BG', 42, '2021-06-23 19:35:22'),
(195, 'J96BWXKSLO', 42, '2021-06-23 19:35:22'),
(196, 'YB6OD2R1EZ', 42, '2021-06-23 19:35:22'),
(197, '67JCA5K4MP', 42, '2021-06-23 19:35:22'),
(198, '3VF56LTM7Y', 42, '2021-06-23 19:35:22'),
(199, 'C98AK654J2', 43, '2021-01-01 23:29:37'),
(200, 'RSO17CDVT2', 43, '2021-01-01 23:29:37'),
(201, 'N1P0KLX876', 43, '2021-01-01 23:29:37'),
(202, 'Q6BP9LWNXY', 43, '2021-01-01 23:29:37'),
(203, 'MBDSU7Y65O', 43, '2021-01-01 23:29:37'),
(204, 'QGHNW6BYVO', 44, '2021-03-08 01:38:54'),
(205, '0LFVBTD8ER', 44, '2021-03-08 01:38:54'),
(206, 'KIMABGRFH3', 44, '2021-03-08 01:38:54'),
(207, 'U3H916JAVB', 44, '2021-03-08 01:38:54'),
(208, 'KHFDTSGM8V', 44, '2021-03-08 01:38:54'),
(209, 'UV6EA7X0ID', 44, '2021-03-08 01:38:54'),
(210, 'XWNESY52F8', 44, '2021-03-08 01:38:54'),
(211, '802JX63A1B', 45, '2021-07-08 16:52:27'),
(212, 'VZAKNWFSE5', 45, '2021-07-08 16:52:27'),
(213, '3V9PJ7TQGY', 45, '2021-07-08 16:52:27'),
(214, 'D7L32F5IY0', 45, '2021-07-08 16:52:27'),
(215, 'UDW357BMGC', 45, '2021-07-08 16:52:27'),
(216, 'IASWE6Y8OX', 45, '2021-07-08 16:52:27'),
(217, 'WRFEX4QK3Y', 45, '2021-07-08 16:52:27'),
(218, 'Y1UB6RJPTE', 45, '2021-07-08 16:52:27'),
(219, 'OVTNH0JP5B', 46, '2021-04-07 14:49:28'),
(220, '076MVZRTLQ', 46, '2021-04-07 14:49:28'),
(221, '35Z789KI4J', 46, '2021-04-07 14:49:28'),
(222, 'AJ7T3ILG5D', 46, '2021-04-07 14:49:28'),
(223, 'RWQP3BHM8A', 47, '2021-04-11 23:43:21'),
(224, 'B3YVC9508T', 47, '2021-04-11 23:43:21'),
(225, '4TVO8I017M', 48, '2021-03-06 04:33:46'),
(226, 'JMY2QSBW84', 48, '2021-03-06 04:33:46'),
(227, '3857PCB64N', 48, '2021-03-06 04:33:46'),
(228, 'CZ2NGXEFBW', 48, '2021-03-06 04:33:46'),
(229, 'IQ5BA36ECK', 49, '2021-07-06 01:35:26'),
(230, '0EB3QXCA2K', 50, '2021-08-16 03:50:04'),
(231, '1MX3PGTJL8', 50, '2021-08-16 03:50:04'),
(232, '7O4C3URWVH', 50, '2021-08-16 03:50:04'),
(233, '7CFNBRV6HD', 50, '2021-08-16 03:50:04'),
(234, 'PJEB8VHWDQ', 50, '2021-08-16 03:50:04'),
(235, '6I0NEZ5LGJ', 51, '2021-01-25 13:45:36'),
(236, 'A35TWUYBLG', 51, '2021-01-25 13:45:36'),
(237, 'BJP6VYCE9T', 51, '2021-01-25 13:45:36'),
(238, 'VDEWS27R4M', 51, '2021-01-25 13:45:36'),
(239, 'YHMSQENO2I', 51, '2021-01-25 13:45:36'),
(240, 'W93UT6RXSN', 51, '2021-01-25 13:45:36'),
(241, '16CP45NZ7K', 51, '2021-01-25 13:45:36'),
(242, 'QEYUWNG957', 51, '2021-01-25 13:45:36'),
(243, '67BV4OC3P0', 52, '2021-04-10 09:15:35'),
(244, 'SX5BA920TJ', 52, '2021-04-10 09:15:35'),
(245, 'DUNY1KSBXM', 53, '2021-09-07 16:57:11'),
(246, 'WAU06VZ3IG', 53, '2021-09-07 16:57:11'),
(247, 'LBEJCK0QNS', 53, '2021-09-07 16:57:11'),
(248, '182ALIG46B', 53, '2021-09-07 16:57:11'),
(249, 'XQGWZ3AL17', 54, '2021-02-02 22:14:28'),
(250, '5C8LG13DO7', 54, '2021-02-02 22:14:28'),
(251, 'Y5R9UZLAIE', 54, '2021-02-02 22:14:28'),
(252, 'ENJDS3KLCT', 54, '2021-02-02 22:14:28'),
(253, 'GPHBXZR54W', 54, '2021-02-02 22:14:28'),
(254, 'HXEBZNM2QR', 54, '2021-02-02 22:14:28'),
(255, 'K1XU5CZL0Y', 54, '2021-02-02 22:14:28'),
(256, 'OJSMLWFBTR', 54, '2021-02-02 22:14:28'),
(257, 'BDH8VGPE4T', 55, '2021-07-09 20:14:41'),
(258, 'GR0DB5FNHP', 55, '2021-07-09 20:14:41'),
(259, 'JP502TH486', 55, '2021-07-09 20:14:41'),
(260, 'SKGT8D96MZ', 55, '2021-07-09 20:14:41'),
(261, 'H58WXF9KAV', 56, '2021-09-13 10:11:41'),
(262, 'DHAIUXNS7O', 56, '2021-09-13 10:11:41'),
(263, 'I3W9AC6457', 57, '2021-07-19 15:30:28'),
(264, 'OUGVCZN32I', 57, '2021-07-19 15:30:28'),
(265, 'AQUP1HRDY3', 57, '2021-07-19 15:30:28'),
(266, '7GYVP1LFRM', 57, '2021-07-19 15:30:28'),
(267, 'Q8IX0CMJVZ', 58, '2021-08-11 12:30:14'),
(268, 'BS0G8HA5KX', 58, '2021-08-11 12:30:14'),
(269, 'F87HBCWKI9', 58, '2021-08-11 12:30:14'),
(270, 'NO9BL35DZK', 59, '2021-07-12 23:07:07'),
(271, 'Q0R6TSL2I8', 59, '2021-07-12 23:07:07'),
(272, 'EK2AD40TOL', 59, '2021-07-12 23:07:07'),
(273, 'QMIDCF4RPW', 60, '2021-02-16 11:24:17'),
(274, 'EJHXODNFM0', 60, '2021-02-16 11:24:17'),
(275, 'ESNZJQ7GRM', 60, '2021-02-16 11:24:17'),
(276, 'GJY67XLFM2', 60, '2021-02-16 11:24:17'),
(277, 'UWB6Z94NSD', 60, '2021-02-16 11:24:17'),
(278, 'S0FCMAYWN9', 60, '2021-02-16 11:24:17'),
(279, 'TL7ZP6V9KD', 60, '2021-02-16 11:24:17');

--
-- Indexes for dumped tables
--

--
-- Indexes for table `bookings`
--
ALTER TABLE `bookings`
  ADD PRIMARY KEY (`id`);

--
-- Indexes for table `concerts`
--
ALTER TABLE `concerts`
  ADD PRIMARY KEY (`id`),
  ADD KEY `concerts_location_id_foreign` (`location_id`);

--
-- Indexes for table `locations`
--
ALTER TABLE `locations`
  ADD PRIMARY KEY (`id`);

--
-- Indexes for table `location_seats`
--
ALTER TABLE `location_seats`
  ADD PRIMARY KEY (`id`),
  ADD UNIQUE KEY `location_seats_location_seat_row_id_number_unique` (`location_seat_row_id`,`number`),
  ADD KEY `location_seats_location_seat_row_id_foreign` (`location_seat_row_id`),
  ADD KEY `location_seats_reservation_id_foreign` (`reservation_id`),
  ADD KEY `location_seats_ticket_id_foreign` (`ticket_id`);

--
-- Indexes for table `location_seat_rows`
--
ALTER TABLE `location_seat_rows`
  ADD PRIMARY KEY (`id`),
  ADD UNIQUE KEY `location_seat_rows_name_show_id_unique` (`name`,`show_id`),
  ADD UNIQUE KEY `location_seat_rows_order_show_id_unique` (`order`,`show_id`),
  ADD KEY `location_seat_rows_show_id_foreign` (`show_id`);

--
-- Indexes for table `migrations`
--
ALTER TABLE `migrations`
  ADD PRIMARY KEY (`id`);

--
-- Indexes for table `reservations`
--
ALTER TABLE `reservations`
  ADD PRIMARY KEY (`id`);

--
-- Indexes for table `shows`
--
ALTER TABLE `shows`
  ADD PRIMARY KEY (`id`),
  ADD KEY `shows_concert_id_foreign` (`concert_id`);

--
-- Indexes for table `tickets`
--
ALTER TABLE `tickets`
  ADD PRIMARY KEY (`id`),
  ADD KEY `tickets_booking_id_foreign` (`booking_id`);

--
-- AUTO_INCREMENT for dumped tables
--

--
-- AUTO_INCREMENT for table `bookings`
--
ALTER TABLE `bookings`
  MODIFY `id` bigint UNSIGNED NOT NULL AUTO_INCREMENT, AUTO_INCREMENT=61;

--
-- AUTO_INCREMENT for table `concerts`
--
ALTER TABLE `concerts`
  MODIFY `id` bigint UNSIGNED NOT NULL AUTO_INCREMENT, AUTO_INCREMENT=5;

--
-- AUTO_INCREMENT for table `locations`
--
ALTER TABLE `locations`
  MODIFY `id` bigint UNSIGNED NOT NULL AUTO_INCREMENT, AUTO_INCREMENT=4;

--
-- AUTO_INCREMENT for table `location_seats`
--
ALTER TABLE `location_seats`
  MODIFY `id` bigint UNSIGNED NOT NULL AUTO_INCREMENT, AUTO_INCREMENT=2010;

--
-- AUTO_INCREMENT for table `location_seat_rows`
--
ALTER TABLE `location_seat_rows`
  MODIFY `id` bigint UNSIGNED NOT NULL AUTO_INCREMENT, AUTO_INCREMENT=93;

--
-- AUTO_INCREMENT for table `migrations`
--
ALTER TABLE `migrations`
  MODIFY `id` int UNSIGNED NOT NULL AUTO_INCREMENT, AUTO_INCREMENT=9;

--
-- AUTO_INCREMENT for table `reservations`
--
ALTER TABLE `reservations`
  MODIFY `id` bigint UNSIGNED NOT NULL AUTO_INCREMENT;

--
-- AUTO_INCREMENT for table `shows`
--
ALTER TABLE `shows`
  MODIFY `id` bigint UNSIGNED NOT NULL AUTO_INCREMENT, AUTO_INCREMENT=7;

--
-- AUTO_INCREMENT for table `tickets`
--
ALTER TABLE `tickets`
  MODIFY `id` bigint UNSIGNED NOT NULL AUTO_INCREMENT, AUTO_INCREMENT=280;

--
-- Constraints for dumped tables
--

--
-- Constraints for table `concerts`
--
ALTER TABLE `concerts`
  ADD CONSTRAINT `concerts_location_id_foreign` FOREIGN KEY (`location_id`) REFERENCES `locations` (`id`);

--
-- Constraints for table `location_seats`
--
ALTER TABLE `location_seats`
  ADD CONSTRAINT `location_seats_location_seat_row_id_foreign` FOREIGN KEY (`location_seat_row_id`) REFERENCES `location_seat_rows` (`id`),
  ADD CONSTRAINT `location_seats_reservation_id_foreign` FOREIGN KEY (`reservation_id`) REFERENCES `reservations` (`id`),
  ADD CONSTRAINT `location_seats_ticket_id_foreign` FOREIGN KEY (`ticket_id`) REFERENCES `tickets` (`id`);

--
-- Constraints for table `location_seat_rows`
--
ALTER TABLE `location_seat_rows`
  ADD CONSTRAINT `location_seat_rows_show_id_foreign` FOREIGN KEY (`show_id`) REFERENCES `shows` (`id`);

--
-- Constraints for table `shows`
--
ALTER TABLE `shows`
  ADD CONSTRAINT `shows_concert_id_foreign` FOREIGN KEY (`concert_id`) REFERENCES `concerts` (`id`);

--
-- Constraints for table `tickets`
--
ALTER TABLE `tickets`
  ADD CONSTRAINT `tickets_booking_id_foreign` FOREIGN KEY (`booking_id`) REFERENCES `bookings` (`id`);
SET FOREIGN_KEY_CHECKS=1;
COMMIT;
