-- phpMyAdmin SQL Dump
-- version 5.2.1
-- https://www.phpmyadmin.net/
--
-- Host: db
-- Generation Time: Sep 07, 2023 at 08:57 AM
-- Server version: 11.0.2-MariaDB-1:11.0.2+maria~ubu2204
-- PHP Version: 8.2.10

SET SQL_MODE = "NO_AUTO_VALUE_ON_ZERO";
START TRANSACTION;
SET time_zone = "+00:00";

--
-- Database: `euroskills2023`
--

-- --------------------------------------------------------

--
-- Table structure for table `api_tokens`
--

CREATE TABLE `api_tokens` (
  `id` int(11) NOT NULL,
  `name` varchar(100) NOT NULL,
  `token` varchar(100) NOT NULL,
  `created_at` timestamp NOT NULL DEFAULT current_timestamp(),
  `updated_at` timestamp NOT NULL DEFAULT current_timestamp(),
  `revoked_at` timestamp NULL DEFAULT NULL,
  `workspace_id` int(11) NOT NULL
) ENGINE=InnoDB DEFAULT CHARSET=utf8mb4 COLLATE=utf8mb4_general_ci;

--
-- Dumping data for table `api_tokens`
--

INSERT INTO `api_tokens` (`id`, `name`, `token`, `created_at`, `updated_at`, `revoked_at`, `workspace_id`) VALUES
(1, 'development', '13508a659a2dbab0a825622c43aef5b5133f85502bfdeae0b6', '2023-06-28 11:14:22', '2023-06-28 11:14:22', NULL, 1),
(2, 'production', '8233a3e017bdf80fb90ac01974b8a57e03e4828738bbf60f91', '2023-06-28 16:44:51', '2023-06-28 16:44:51', NULL, 1),
(3, 'test', 'b8ef2feea8a2bf982d637b5ff4be4771d2ef46f3564c5ecd7b', '2023-06-28 16:44:51', '2023-06-28 16:44:51', NULL, 3);

-- --------------------------------------------------------

--
-- Table structure for table `billing_quotas`
--

CREATE TABLE `billing_quotas` (
  `id` int(11) NOT NULL,
  `limit` decimal(10,2) NOT NULL,
  `created_at` timestamp NOT NULL DEFAULT current_timestamp(),
  `updated_at` timestamp NOT NULL DEFAULT current_timestamp()
) ENGINE=InnoDB DEFAULT CHARSET=utf8mb4 COLLATE=utf8mb4_general_ci;

--
-- Dumping data for table `billing_quotas`
--

INSERT INTO `billing_quotas` (`id`, `limit`, `created_at`, `updated_at`) VALUES
(1, 9.00, '2023-06-28 10:57:05', '2023-06-28 10:57:05');

-- --------------------------------------------------------

--
-- Table structure for table `services`
--

CREATE TABLE `services` (
  `id` int(11) NOT NULL,
  `name` varchar(100) NOT NULL,
  `cost_per_ms` decimal(10,6) NOT NULL,
  `created_at` timestamp NOT NULL DEFAULT current_timestamp(),
  `updated_at` timestamp NOT NULL DEFAULT current_timestamp()
) ENGINE=InnoDB DEFAULT CHARSET=utf8mb4 COLLATE=utf8mb4_general_ci;

--
-- Dumping data for table `services`
--

INSERT INTO `services` (`id`, `name`, `cost_per_ms`, `created_at`, `updated_at`) VALUES
(1, 'ChatterBlast', 0.001500, '2023-06-26 08:00:00', '2023-06-26 08:00:00'),
(2, 'DreamWeaver', 0.005000, '2023-06-26 09:00:00', '2023-06-26 09:00:00'),
(3, 'MindReader', 0.010000, '2023-06-26 10:00:00', '2023-06-26 10:00:00');

-- --------------------------------------------------------

--
-- Table structure for table `service_usages`
--

CREATE TABLE `service_usages` (
  `id` int(11) NOT NULL,
  `duration_in_ms` int(11) NOT NULL,
  `api_token_id` int(11) NOT NULL,
  `service_id` int(11) NOT NULL,
  `usage_started_at` timestamp NOT NULL
) ENGINE=InnoDB DEFAULT CHARSET=utf8mb4 COLLATE=utf8mb4_general_ci;

--
-- Dumping data for table `service_usages`
--

INSERT INTO `service_usages` (`id`, `duration_in_ms`, `api_token_id`, `service_id`, `usage_started_at`) VALUES
(1, 46, 2, 1, '2023-06-30 22:01:27'),
(2, 46, 2, 1, '2023-07-01 07:39:09'),
(3, 47, 2, 1, '2023-07-01 10:36:05'),
(4, 47, 2, 1, '2023-07-01 20:15:48'),
(5, 49, 2, 1, '2023-07-02 14:37:27'),
(6, 45, 2, 1, '2023-07-02 16:38:34'),
(7, 48, 2, 1, '2023-07-03 12:19:19'),
(8, 45, 2, 1, '2023-07-03 13:52:08'),
(9, 47, 2, 1, '2023-07-03 17:39:10'),
(10, 47, 2, 1, '2023-07-04 01:51:46'),
(11, 46, 2, 1, '2023-07-04 07:01:39'),
(12, 49, 2, 1, '2023-07-04 13:01:12'),
(13, 45, 2, 1, '2023-07-05 03:01:24'),
(14, 48, 2, 1, '2023-07-05 15:55:28'),
(15, 47, 2, 1, '2023-07-06 04:53:19'),
(16, 45, 2, 1, '2023-07-06 17:31:49'),
(17, 49, 2, 1, '2023-07-07 09:58:10'),
(18, 48, 2, 1, '2023-07-08 06:22:03'),
(19, 48, 2, 1, '2023-07-08 23:19:27'),
(20, 47, 2, 1, '2023-07-09 13:48:06'),
(21, 48, 2, 1, '2023-07-09 23:50:17'),
(22, 46, 2, 1, '2023-07-10 12:10:47'),
(23, 49, 2, 1, '2023-07-10 13:57:21'),
(24, 47, 2, 1, '2023-07-10 21:57:57'),
(25, 46, 2, 1, '2023-07-10 22:38:39'),
(26, 48, 2, 1, '2023-07-11 02:30:56'),
(27, 49, 2, 1, '2023-07-11 05:23:27'),
(28, 49, 2, 1, '2023-07-11 14:21:16'),
(29, 46, 2, 1, '2023-07-12 00:20:12'),
(30, 45, 2, 1, '2023-07-12 03:10:48'),
(31, 47, 2, 1, '2023-07-12 10:02:08'),
(32, 43, 2, 1, '2023-07-13 05:00:01'),
(33, 97, 2, 2, '2023-07-02 22:57:49'),
(34, 99, 2, 2, '2023-07-04 12:40:35'),
(35, 99, 2, 2, '2023-07-07 21:57:56'),
(36, 101, 2, 2, '2023-07-10 09:48:33'),
(37, 97, 2, 2, '2023-07-11 12:35:38'),
(38, 97, 2, 2, '2023-07-14 09:14:42'),
(39, 101, 2, 2, '2023-07-18 02:56:15'),
(40, 14, 2, 2, '2023-07-19 19:58:51'),
(41, 40, 1, 1, '2023-07-02 14:13:54'),
(42, 40, 1, 1, '2023-07-04 01:43:34'),
(43, 37, 1, 1, '2023-07-04 09:31:28'),
(44, 40, 1, 1, '2023-07-05 21:23:18'),
(45, 38, 1, 1, '2023-07-07 23:07:46'),
(46, 38, 1, 1, '2023-07-08 07:37:41'),
(47, 40, 1, 1, '2023-07-09 15:15:38'),
(48, 38, 1, 1, '2023-07-10 05:56:35'),
(49, 38, 1, 1, '2023-07-12 08:52:11'),
(50, 38, 1, 1, '2023-07-12 14:28:45'),
(51, 19, 1, 1, '2023-07-13 19:50:33'),
(52, 170, 2, 1, '2023-08-01 09:06:19'),
(53, 172, 2, 1, '2023-08-03 16:43:48'),
(54, 173, 2, 1, '2023-08-05 10:11:12'),
(55, 171, 2, 1, '2023-08-09 13:10:44'),
(56, 171, 2, 1, '2023-08-12 11:25:09'),
(57, 171, 2, 1, '2023-08-15 10:09:50'),
(58, 11, 2, 1, '2023-08-18 16:51:23'),
(59, 99, 2, 2, '2023-08-05 22:59:07'),
(60, 99, 2, 2, '2023-08-06 18:20:15'),
(61, 98, 2, 2, '2023-08-10 22:47:33'),
(62, 100, 2, 2, '2023-08-16 04:40:53'),
(63, 99, 2, 2, '2023-08-18 02:13:03'),
(64, 6, 2, 2, '2023-08-19 07:46:15'),
(65, 24, 1, 1, '2023-08-04 13:46:52'),
(66, 27, 1, 1, '2023-08-05 20:39:18'),
(67, 23, 1, 1, '2023-08-08 10:12:12'),
(68, 27, 1, 1, '2023-08-10 02:30:58'),
(69, 27, 1, 1, '2023-08-13 22:16:19'),
(70, 27, 1, 1, '2023-08-16 15:32:27'),
(71, 7, 1, 1, '2023-08-17 23:49:09'),
(72, 62, 2, 1, '2023-09-01 22:31:40'),
(73, 62, 2, 1, '2023-09-02 04:19:07'),
(74, 62, 2, 1, '2023-09-02 13:40:03'),
(75, 62, 2, 1, '2023-09-02 14:38:40'),
(76, 63, 2, 1, '2023-09-03 05:44:43'),
(77, 60, 2, 1, '2023-09-04 04:11:38'),
(78, 63, 2, 1, '2023-09-04 18:41:07'),
(79, 62, 2, 1, '2023-09-05 04:36:10'),
(80, 62, 2, 1, '2023-09-05 11:46:27'),
(81, 60, 2, 1, '2023-09-05 11:53:06'),
(82, 61, 2, 1, '2023-09-05 23:40:20'),
(83, 63, 2, 1, '2023-09-06 10:16:09'),
(84, 63, 2, 1, '2023-09-07 09:29:42'),
(85, 60, 2, 1, '2023-09-08 11:32:03'),
(86, 59, 2, 1, '2023-09-09 04:53:57'),
(87, 60, 2, 1, '2023-09-09 12:01:14'),
(88, 60, 2, 1, '2023-09-10 06:42:35'),
(89, 60, 2, 1, '2023-09-11 08:56:07'),
(90, 59, 2, 1, '2023-09-11 19:55:41'),
(91, 62, 2, 1, '2023-09-12 00:57:53'),
(92, 59, 2, 1, '2023-09-12 08:29:42'),
(93, 60, 2, 1, '2023-09-13 11:22:31'),
(94, 62, 2, 1, '2023-09-13 22:12:51'),
(95, 61, 2, 1, '2023-09-14 02:51:13'),
(96, 33, 2, 1, '2023-09-14 11:31:53'),
(97, 18, 2, 2, '2023-09-01 02:07:34'),
(98, 17, 2, 2, '2023-09-01 10:49:17'),
(99, 16, 2, 2, '2023-09-01 16:53:10'),
(100, 15, 2, 2, '2023-09-01 23:11:19'),
(101, 16, 2, 2, '2023-09-02 08:55:04'),
(102, 14, 2, 2, '2023-09-02 19:55:40'),
(103, 18, 2, 2, '2023-09-03 05:29:23'),
(104, 18, 2, 2, '2023-09-03 08:27:40'),
(105, 17, 2, 2, '2023-09-03 20:58:36'),
(106, 14, 2, 2, '2023-09-04 06:23:31'),
(107, 17, 2, 2, '2023-09-04 16:40:43'),
(108, 17, 2, 2, '2023-09-05 04:15:11'),
(109, 14, 2, 2, '2023-09-05 08:52:43'),
(110, 15, 2, 2, '2023-09-05 13:22:06'),
(111, 17, 2, 2, '2023-09-05 22:09:27'),
(112, 16, 2, 2, '2023-09-06 06:23:17'),
(113, 18, 2, 2, '2023-09-06 19:24:30'),
(114, 18, 2, 2, '2023-09-06 19:29:50'),
(115, 17, 2, 2, '2023-09-07 07:20:16'),
(116, 16, 2, 2, '2023-09-07 13:49:54'),
(117, 17, 2, 2, '2023-09-08 02:59:23'),
(118, 14, 2, 2, '2023-09-08 03:36:05'),
(119, 14, 2, 2, '2023-09-08 08:25:10'),
(120, 18, 2, 2, '2023-09-08 21:01:44'),
(121, 16, 2, 2, '2023-09-09 07:00:31'),
(122, 15, 2, 2, '2023-09-09 07:34:53'),
(123, 14, 2, 2, '2023-09-09 19:54:05'),
(124, 15, 2, 2, '2023-09-10 02:44:24'),
(125, 18, 2, 2, '2023-09-10 08:03:31'),
(126, 16, 2, 2, '2023-09-10 14:54:58'),
(127, 18, 2, 2, '2023-09-11 00:55:14'),
(128, 14, 2, 2, '2023-09-11 11:04:37'),
(129, 16, 2, 2, '2023-09-11 21:21:35'),
(130, 15, 2, 2, '2023-09-12 02:22:31'),
(131, 14, 2, 2, '2023-09-12 14:01:31'),
(132, 14, 2, 2, '2023-09-12 23:21:58'),
(133, 17, 2, 2, '2023-09-13 02:40:13'),
(134, 14, 2, 2, '2023-09-13 14:21:55'),
(135, 17, 2, 2, '2023-09-14 03:03:52'),
(136, 18, 2, 2, '2023-09-14 10:39:14'),
(137, 16, 2, 2, '2023-09-14 21:47:27'),
(138, 18, 2, 2, '2023-09-14 22:00:41'),
(139, 15, 2, 2, '2023-09-15 00:09:59'),
(140, 16, 2, 2, '2023-09-15 04:21:34'),
(141, 14, 2, 2, '2023-09-15 07:26:33'),
(142, 16, 2, 2, '2023-09-15 13:32:50'),
(143, 15, 2, 2, '2023-09-15 15:25:51'),
(144, 14, 2, 2, '2023-09-15 20:12:51'),
(145, 17, 2, 2, '2023-09-16 03:22:08'),
(146, 17, 2, 2, '2023-09-16 04:51:18'),
(147, 9, 1, 1, '2023-09-01 06:20:43'),
(148, 12, 1, 1, '2023-09-01 18:07:16'),
(149, 9, 1, 1, '2023-09-02 05:20:39'),
(150, 13, 1, 1, '2023-09-02 17:44:40'),
(151, 11, 1, 1, '2023-09-02 19:17:47'),
(152, 12, 1, 1, '2023-09-03 10:38:23'),
(153, 9, 1, 1, '2023-09-03 14:58:56'),
(154, 13, 1, 1, '2023-09-03 22:49:36'),
(155, 13, 1, 1, '2023-09-04 09:31:51'),
(156, 9, 1, 1, '2023-09-05 00:33:46'),
(157, 11, 1, 1, '2023-09-05 13:14:46'),
(158, 9, 1, 1, '2023-09-05 13:46:48'),
(159, 12, 1, 1, '2023-09-06 00:19:15'),
(160, 10, 1, 1, '2023-09-06 01:35:35'),
(161, 13, 1, 1, '2023-09-06 16:31:32'),
(162, 13, 1, 1, '2023-09-06 16:35:47'),
(163, 12, 1, 1, '2023-09-06 22:42:59'),
(164, 12, 1, 1, '2023-09-07 07:14:04'),
(165, 9, 1, 1, '2023-09-07 19:32:35'),
(166, 11, 1, 1, '2023-09-08 10:23:39'),
(167, 13, 1, 1, '2023-09-08 20:14:35'),
(168, 10, 1, 1, '2023-09-09 05:39:41'),
(169, 9, 1, 1, '2023-09-09 11:28:51'),
(170, 9, 1, 1, '2023-09-09 21:09:07'),
(171, 9, 1, 1, '2023-09-10 09:00:37'),
(172, 9, 1, 1, '2023-09-11 01:07:39'),
(173, 10, 1, 1, '2023-09-11 03:57:28'),
(174, 9, 1, 1, '2023-09-11 17:07:13'),
(175, 11, 1, 1, '2023-09-12 05:51:07'),
(176, 9, 1, 1, '2023-09-12 13:31:44'),
(177, 12, 1, 1, '2023-09-12 22:59:32'),
(178, 9, 1, 1, '2023-09-13 09:51:18'),
(179, 12, 1, 1, '2023-09-14 00:05:30'),
(180, 9, 1, 1, '2023-09-14 06:08:08'),
(181, 11, 1, 1, '2023-09-14 16:35:58'),
(182, 10, 1, 1, '2023-09-15 03:55:40'),
(183, 10, 1, 1, '2023-09-15 15:56:49'),
(184, 10, 1, 1, '2023-09-16 00:51:09'),
(185, 11, 1, 1, '2023-09-16 16:36:20'),
(186, 9, 1, 1, '2023-09-17 01:28:52'),
(187, 9, 1, 1, '2023-09-17 04:00:17'),
(188, 12, 1, 1, '2023-09-17 07:27:28'),
(189, 12, 1, 1, '2023-09-17 15:43:41'),
(190, 13, 1, 1, '2023-09-18 07:44:16'),
(191, 10, 1, 1, '2023-09-18 18:06:58'),
(192, 9, 1, 1, '2023-09-19 00:42:56'),
(193, 12, 1, 1, '2023-09-19 10:02:44'),
(194, 1800, 3, 1, '2023-09-08 16:18:53'),
(195, 80, 3, 2, '2023-09-01 10:49:28'),
(196, 79, 3, 2, '2023-09-01 16:17:17'),
(197, 78, 3, 2, '2023-09-03 15:30:49'),
(198, 80, 3, 2, '2023-09-04 20:56:34'),
(199, 81, 3, 2, '2023-09-05 05:15:46'),
(200, 80, 3, 2, '2023-09-07 06:42:47'),
(201, 82, 3, 2, '2023-09-08 20:02:29'),
(202, 80, 3, 2, '2023-09-09 10:36:50'),
(203, 78, 3, 2, '2023-09-10 08:01:12'),
(204, 81, 3, 2, '2023-09-11 16:23:05'),
(205, 78, 3, 2, '2023-09-11 23:00:01'),
(206, 23, 3, 2, '2023-09-14 02:57:52'),
(207, 5, 3, 3, '2023-09-01 12:49:27'),
(208, 4, 3, 3, '2023-09-01 22:07:57'),
(209, 6, 3, 3, '2023-09-02 06:15:22'),
(210, 3, 3, 3, '2023-09-02 13:34:31'),
(211, 6, 3, 3, '2023-09-02 14:55:13'),
(212, 2, 3, 3, '2023-09-02 23:28:27'),
(213, 5, 3, 3, '2023-09-03 08:19:17'),
(214, 5, 3, 3, '2023-09-03 15:36:47'),
(215, 4, 3, 3, '2023-09-04 01:06:23'),
(216, 4, 3, 3, '2023-09-04 17:55:22'),
(217, 4, 3, 3, '2023-09-05 01:34:29'),
(218, 3, 3, 3, '2023-09-05 02:00:00'),
(219, 3, 3, 3, '2023-09-05 14:33:32'),
(220, 2, 3, 3, '2023-09-06 04:54:30'),
(221, 2, 3, 3, '2023-09-06 08:01:50'),
(222, 3, 3, 3, '2023-09-06 13:06:53'),
(223, 4, 3, 3, '2023-09-07 04:01:27'),
(224, 6, 3, 3, '2023-09-07 10:01:13'),
(225, 3, 3, 3, '2023-09-07 20:46:56'),
(226, 3, 3, 3, '2023-09-08 11:32:07'),
(227, 2, 3, 3, '2023-09-08 16:19:41'),
(228, 4, 3, 3, '2023-09-08 17:06:22'),
(229, 5, 3, 3, '2023-09-09 06:15:28'),
(230, 3, 3, 3, '2023-09-09 18:59:32'),
(231, 3, 3, 3, '2023-09-09 19:26:14'),
(232, 4, 3, 3, '2023-09-10 00:50:42'),
(233, 5, 3, 3, '2023-09-10 09:11:31'),
(234, 6, 3, 3, '2023-09-10 10:55:48'),
(235, 3, 3, 3, '2023-09-10 15:12:54'),
(236, 2, 3, 3, '2023-09-10 22:00:06'),
(237, 4, 3, 3, '2023-09-11 14:59:23'),
(238, 6, 3, 3, '2023-09-12 07:59:04'),
(239, 2, 3, 3, '2023-09-12 18:41:32'),
(240, 4, 3, 3, '2023-09-13 03:30:23'),
(241, 6, 3, 3, '2023-09-13 11:47:18'),
(242, 2, 3, 3, '2023-09-14 02:54:58'),
(243, 6, 3, 3, '2023-09-14 09:43:13'),
(244, 4, 3, 3, '2023-09-14 18:40:12'),
(245, 6, 3, 3, '2023-09-14 19:30:45'),
(246, 4, 3, 3, '2023-09-15 05:38:22'),
(247, 5, 3, 3, '2023-09-15 19:10:17'),
(248, 5, 3, 3, '2023-09-15 19:40:58'),
(249, 3, 3, 3, '2023-09-16 10:59:30'),
(250, 6, 3, 3, '2023-09-16 11:25:17'),
(251, 6, 3, 3, '2023-09-16 18:03:16'),
(252, 6, 3, 3, '2023-09-17 07:13:33'),
(253, 5, 3, 3, '2023-09-17 19:06:04'),
(254, 6, 3, 3, '2023-09-17 20:26:15');

-- --------------------------------------------------------

--
-- Table structure for table `users`
--

CREATE TABLE `users` (
  `id` int(11) NOT NULL,
  `username` varchar(100) NOT NULL,
  `password` varchar(255) NOT NULL,
  `created_at` timestamp NOT NULL DEFAULT current_timestamp(),
  `updated_at` timestamp NOT NULL DEFAULT current_timestamp()
) ENGINE=InnoDB DEFAULT CHARSET=utf8mb4 COLLATE=utf8mb4_general_ci;

--
-- Dumping data for table `users`
--

INSERT INTO `users` (`id`, `username`, `password`, `created_at`, `updated_at`) VALUES
(1, 'demo1', '$2b$10$u5FpfdgESmnkbFHiSPWurubyY3bs4tHqjvaM1xQBmwM11xUq5b0Zq', '2023-06-27 12:32:11', '2023-06-27 12:32:11'),
(2, 'demo2', '$2b$10$9OD1Dl8UWOXTymNpnPwZZuqbPBDtnh6sKQ1805IH/BcpqeuVnlqCS', '2023-06-27 12:33:11', '2023-06-27 12:33:11');

-- --------------------------------------------------------

--
-- Table structure for table `workspaces`
--

CREATE TABLE `workspaces` (
  `id` int(11) NOT NULL,
  `title` varchar(100) NOT NULL,
  `description` text DEFAULT NULL,
  `created_at` timestamp NOT NULL DEFAULT current_timestamp(),
  `updated_at` timestamp NOT NULL DEFAULT current_timestamp(),
  `user_id` int(11) NOT NULL,
  `billing_quota_id` int(11) DEFAULT NULL
) ENGINE=InnoDB DEFAULT CHARSET=utf8mb4 COLLATE=utf8mb4_general_ci;

--
-- Dumping data for table `workspaces`
--

INSERT INTO `workspaces` (`id`, `title`, `description`, `created_at`, `updated_at`, `user_id`, `billing_quota_id`) VALUES
(1, 'My App', NULL, '2023-06-28 10:55:05', '2023-06-28 10:55:05', 1, NULL),
(2, 'Default Workspace', 'My personal workspace for smaller apps.', '2023-06-28 14:06:34', '2023-06-28 14:06:34', 2, NULL),
(3, 'Quota Exceeded Test', NULL, '2023-06-28 10:55:05', '2023-06-28 10:55:05', 1, 1);

--
-- Indexes for dumped tables
--

--
-- Indexes for table `api_tokens`
--
ALTER TABLE `api_tokens`
  ADD PRIMARY KEY (`id`),
  ADD KEY `FK_9c644dd21cac1a0e8fca9443373` (`workspace_id`);

--
-- Indexes for table `billing_quotas`
--
ALTER TABLE `billing_quotas`
  ADD PRIMARY KEY (`id`);

--
-- Indexes for table `services`
--
ALTER TABLE `services`
  ADD PRIMARY KEY (`id`);

--
-- Indexes for table `service_usages`
--
ALTER TABLE `service_usages`
  ADD PRIMARY KEY (`id`),
  ADD KEY `FK_5ccd2747635edaf9f36f8bae5de` (`api_token_id`),
  ADD KEY `FK_edbd8912f285c2a423d66020061` (`service_id`);

--
-- Indexes for table `users`
--
ALTER TABLE `users`
  ADD PRIMARY KEY (`id`);

--
-- Indexes for table `workspaces`
--
ALTER TABLE `workspaces`
  ADD PRIMARY KEY (`id`),
  ADD UNIQUE KEY `IDX_bc02d89a5cbb742925cda902c5` (`billing_quota_id`),
  ADD UNIQUE KEY `REL_bc02d89a5cbb742925cda902c5` (`billing_quota_id`),
  ADD KEY `FK_78512d762073bf8cb3fc88714c1` (`user_id`);

--
-- AUTO_INCREMENT for dumped tables
--

--
-- AUTO_INCREMENT for table `api_tokens`
--
ALTER TABLE `api_tokens`
  MODIFY `id` int(11) NOT NULL AUTO_INCREMENT, AUTO_INCREMENT=4;

--
-- AUTO_INCREMENT for table `billing_quotas`
--
ALTER TABLE `billing_quotas`
  MODIFY `id` int(11) NOT NULL AUTO_INCREMENT, AUTO_INCREMENT=2;

--
-- AUTO_INCREMENT for table `services`
--
ALTER TABLE `services`
  MODIFY `id` int(11) NOT NULL AUTO_INCREMENT, AUTO_INCREMENT=4;

--
-- AUTO_INCREMENT for table `service_usages`
--
ALTER TABLE `service_usages`
  MODIFY `id` int(11) NOT NULL AUTO_INCREMENT, AUTO_INCREMENT=255;

--
-- AUTO_INCREMENT for table `users`
--
ALTER TABLE `users`
  MODIFY `id` int(11) NOT NULL AUTO_INCREMENT, AUTO_INCREMENT=3;

--
-- AUTO_INCREMENT for table `workspaces`
--
ALTER TABLE `workspaces`
  MODIFY `id` int(11) NOT NULL AUTO_INCREMENT, AUTO_INCREMENT=4;

--
-- Constraints for dumped tables
--

--
-- Constraints for table `api_tokens`
--
ALTER TABLE `api_tokens`
  ADD CONSTRAINT `FK_9c644dd21cac1a0e8fca9443373` FOREIGN KEY (`workspace_id`) REFERENCES `workspaces` (`id`);

--
-- Constraints for table `service_usages`
--
ALTER TABLE `service_usages`
  ADD CONSTRAINT `FK_5ccd2747635edaf9f36f8bae5de` FOREIGN KEY (`api_token_id`) REFERENCES `api_tokens` (`id`),
  ADD CONSTRAINT `FK_edbd8912f285c2a423d66020061` FOREIGN KEY (`service_id`) REFERENCES `services` (`id`);

--
-- Constraints for table `workspaces`
--
ALTER TABLE `workspaces`
  ADD CONSTRAINT `FK_78512d762073bf8cb3fc88714c1` FOREIGN KEY (`user_id`) REFERENCES `users` (`id`),
  ADD CONSTRAINT `FK_bc02d89a5cbb742925cda902c5b` FOREIGN KEY (`billing_quota_id`) REFERENCES `billing_quotas` (`id`);
COMMIT;
